거래처,가스,,,용기검사,,거래처명 :,매출일,,품목명,,,,입고량,,출고량,단가,매출액,세액,합계액,입금액,미수금,잔액,비고,신일가스(주) 화성공장,,
Z대유스틸,,,,,,,,,[이월미수액],,,,,,,,,,,,"220,525","220,525",,,,
,,,,,,거래처별 합계,,,,,,0,,,0,,0,0,0,0,,"220,525",,,,
가스코아산(대창),,,,,,,,,[이월미수액],,,,,,,,,,,,"330,000","330,000",,,,
,,,,,,거래처별 합계,,,,,,0,,,0,,0,0,0,0,,"330,000",,,,
가스코아산(아래스가스),,,,,,,,,[이월미수액],,,,,,,,,,,,"1,045,000","1,045,000",,,,
,,,,,,거래처별 합계,,,,,,0,,,0,,0,0,0,0,,"1,045,000",,,,
가스코아산(아론),,,,,,,08/11,,기화기 (20Nm3/Hr),,,,0,,1,0,0,0,0,0,,0,,,,
가스코아산(아론),,,,,,,08/11,,"N2 (LGC, 175L)",,,,0,,1,"55,000","55,000","5,500","60,500",0,,"60,500",,,,
,,,,,,거래처별 합계,,,,,,0,,,2,,"55,000","5,500","60,500",0,,"60,500",,,,
가스코아산(에스에프에이),,,,,,,,,[이월미수액],,,,,,,,,,,,"-88,000","-88,000",,,,
가스코아산(에스에프에이),,,,,,,08/04,,"Ar (UHP, 47L, 99.999%)",,,,2,,0,"40,000",0,0,0,0,,0,,,,
가스코아산(에스에프에이),,,,,,,08/04,,C2H2 (3kg),,,,2,,0,"60,000",0,0,0,0,,0,,,,
가스코아산(에스에프에이),,,,,,,08/04,,C2H4 (일반),,,,1,,0,"60,000",0,0,0,0,,0,,,,
가스코아산(에스에프에이),,,,,,,08/04,,"N2 (UHP, 99.999%)",,,,1,,0,"30,000",0,0,0,0,,0,,,,
가스코아산(에스에프에이),,,,,,,08/12,,"N2 (공업용, 40L)",,,,2,,2,"6,500","13,000","1,300","14,300",0,,"14,300",,,,
,,,,,,거래처별 합계,,,,,,8,,,2,,"13,000","1,300","14,300",0,,"-73,700",,,,
가스코아산(하나이엔지),,,,,,,,,[이월미수액],,,,,,,,,,,,"844,800","844,800",,,,
가스코아산(하나이엔지),,,,,,,08/04,,"CO2 (공업용, 20kg)",,,,1,,0,"20,000",0,0,0,0,,0,,,,
가스코아산(하나이엔지),,,,,,,08/04,,"CO2 (공업용, 40kg)",,,,1,,1,"40,000","40,000","4,000","44,000",0,,"44,000",,,,
가스코아산(하나이엔지),,,,,,,08/04,,"O2 (공업용, 40L)",,,,0,,2,"12,000","24,000","2,400","26,400",0,,"26,400",,,,
가스코아산(하나이엔지),,,,,,,08/11,,"CO2 (공업용, 40kg)",,,,1,,1,"40,000","40,000","4,000","44,000",0,,"44,000",,,,
가스코아산(하나이엔지),,,,,,,08/11,,"O2 (공업용, 40L)",,,,1,,1,"12,000","12,000","1,200","13,200",0,,"13,200",,,,
,,,,,,거래처별 합계,,,,,,4,,,5,,"116,000","11,600","127,600",0,,"972,400",,,,
가스코아산.,,,,,,,,,[이월미수액],,,,,,,,,,,,"316,600,207","316,600,207",,,,
가스코아산.,,,,,,,08/01,,"Ar (kg, Bulk)",,,,0,,"3,798",460,"1,747,080","174,708","1,921,788",0,,"1,921,788",,,,
가스코아산.,,,,,,,08/01,,"Ar (kg, Bulk)",,,,0,,"11,900",515,"6,128,500","612,850","6,741,350",0,,"6,741,350",동희,,,
가스코아산.,,,,,,,08/03,,"CO2 (kg, Bulk)",,,,0,,"5,770",250,"1,442,500","144,250","1,586,750",0,,"1,586,750",알가-2공장,,,
가스코아산.,,,,,,,08/03,,"CO2 (kg, Bulk)",,,,0,,"20,640",220,"4,540,800","454,080","4,994,880",0,,"4,994,880",당진가스,,,
가스코아산.,,,,,,,08/03,,"N2 (kg, Bulk)",,,,0,,"3,912",175,"684,600","68,460","753,060",0,,"753,060",엘티씨에이엠,,,
가스코아산.,,,,,,,08/04,,"CO2 (kg, Bulk)",,,,0,,"20,800",220,"4,576,000","457,600","5,033,600",0,,"5,033,600",가스켐,,,
가스코아산.,,,,,,,08/04,,"CO2 (kg, Bulk)",,,,0,,"20,380",220,"4,483,600","448,360","4,931,960",0,,"4,931,960",당진가스,,,
가스코아산.,,,,,,,08/04,,"CO2 (kg, Bulk)",,,,0,,"4,830",250,"1,207,500","120,750","1,328,250",0,,"1,328,250",그린플러스,,,
가스코아산.,,,,,,,08/04,,"CO2 (kg, Bulk)",,,,0,,"6,809",250,"1,702,250","170,225","1,872,475",0,,"1,872,475",거흥-1공장,,,
가스코아산.,,,,,,,08/04,,"CO2 (kg, Bulk)",,,,0,,"5,010",250,"1,252,500","125,250","1,377,750",0,,"1,377,750",거흥-2공장,,,
가스코아산.,,,,,,,08/04,,"CO2 (kg, Bulk)",,,,0,,"4,487",250,"1,121,750","112,175","1,233,925",0,,"1,233,925",청림에너지,,,
가스코아산.,,,,,,,08/04,,"CO2 (kg, Bulk)",,,,0,,"2,910",250,"727,500","72,750","800,250",0,,"800,250",알가-1공장,,,
가스코아산.,,,,,,,08/04,,"N2 (kg, Bulk)",,,,0,,"2,310",175,"404,250","40,425","444,675",0,,"444,675",HK머트리얼즈,,,
가스코아산.,,,,,,,08/05,,"Ar (kg, Bulk)",,,,0,,"3,536",515,"1,821,040","182,104","2,003,144",0,,"2,003,144",유미코아-3공장,,,
가스코아산.,,,,,,,08/05,,"Ar (kg, Bulk)",,,,0,,"3,990",515,"2,054,850","205,485","2,260,335",0,,"2,260,335",공진산업,,,
가스코아산.,,,,,,,08/05,,"CO2 (kg, Bulk)",,,,0,,"3,000",250,"750,000","75,000","825,000",0,,"825,000",휴스템,,,
가스코아산.,,,,,,,08/05,,"CO2 (kg, Bulk)",,,,0,,"19,040",220,"4,188,800","418,880","4,607,680",0,,"4,607,680",당진가스,,,
가스코아산.,,,,,,,08/05,,"CO2 (kg, Bulk)",,,,0,,"19,300",220,"4,246,000","424,600","4,670,600",0,,"4,670,600",가스켐솔루션,,,
가스코아산.,,,,,,,08/05,,"CO2 (kg, Bulk)",,,,0,,"5,623",230,"1,293,290","129,329","1,422,619",0,,"1,422,619",,,,
가스코아산.,,,,,,,08/05,,"N2 (kg, Bulk)",,,,0,,"9,003",160,"1,440,480","144,048","1,584,528",0,,"1,584,528",,,,
가스코아산.,,,,,,,08/05,,"N2 (kg, Bulk)",,,,0,,"4,226",175,"739,550","73,955","813,505",0,,"813,505",파인디앤씨,,,
가스코아산.,,,,,,,08/06,,"Ar (kg, Bulk)",,,,0,,"5,701",460,"2,622,460","262,246","2,884,706",0,,"2,884,706",,,,
가스코아산.,,,,,,,08/06,,"Ar (kg, Bulk)",,,,0,,"4,906",515,"2,526,590","252,659","2,779,249",0,,"2,779,249",풍기산업 초도,,,
가스코아산.,,,,,,,08/06,,"Ar (kg, Bulk)",,,,0,,"5,675",470,"2,667,250","266,725","2,933,975",0,,"2,933,975",KS테크,,,
가스코아산.,,,,,,,08/06,,"CO2 (kg, Bulk)",,,,0,,"3,519",250,"879,750","87,975","967,725",0,,"967,725",디에스씨-영인,,,
가스코아산.,,,,,,,08/06,,"CO2 (kg, Bulk)",,,,0,,"5,352",250,"1,338,000","133,800","1,471,800",0,,"1,471,800",풍기산업 초도,,,
가스코아산.,,,,,,,08/06,,"CO2 (kg, Bulk)",,,,0,,"20,700",220,"4,554,000","455,400","5,009,400",0,,"5,009,400",가스켐,,,
가스코아산.,,,,,,,08/06,,"CO2 (kg, Bulk)",,,,0,,"12,790",220,"2,813,800","281,380","3,095,180",0,,"3,095,180",유진산업가스,,,
가스코아산.,,,,,,,08/06,,"N2 (kg, Bulk)",,,,0,,"2,560",175,"448,000","44,800","492,800",0,,"492,800",유안이엔지,,,
가스코아산.,,,,,,,08/06,,"O2 (kg, Bulk)",,,,0,,"3,059",180,"550,620","55,062","605,682",0,,"605,682",주성이엔지,,,
가스코아산.,,,,,,,08/07,,"Ar (kg, Bulk)",,,,0,,"2,504",415,"1,039,160","103,916","1,143,076",0,,"1,143,076",일신정밀,,,
가스코아산.,,,,,,,08/07,,"Ar (kg, Bulk)",,,,0,,"2,504",515,"1,289,560","128,956","1,418,516",0,,"1,418,516",씨에스,,,
가스코아산.,,,,,,,08/07,,"N2 (kg, Bulk)",,,,0,,"16,931",160,"2,708,960","270,896","2,979,856",0,,"2,979,856",KS테크,,,
가스코아산.,,,,,,,08/07,,"O2 (kg, Bulk)",,,,0,,"7,115",155,"1,102,825","110,283","1,213,108",0,,"1,213,108",,,,
가스코아산.,,,,,,,08/08,,"CO2 (kg, Bulk)",,,,0,,"4,901",270,"1,323,270","132,327","1,455,597",0,,"1,455,597",스퀴즈맥주-춘천,,,
가스코아산.,,,,,,,08/09,,"CO2 (kg, Bulk)",,,,0,,"20,730",220,"4,560,600","456,060","5,016,660",0,,"5,016,660",가스켐,,,
가스코아산.,,,,,,,08/09,,"CO2 (kg, Bulk)",,,,0,,"6,005",250,"1,501,250","150,125","1,651,375",0,,"1,651,375",에프알디,,,
가스코아산.,,,,,,,08/10,,"Ar (kg, Bulk)",,,,0,,"15,005",460,"6,902,300","690,230","7,592,530",0,,"7,592,530",,,,
가스코아산.,,,,,,,08/10,,"Ar (kg, Bulk)",,,,0,,"8,440",505,"4,262,200","426,220","4,688,420",0,,"4,688,420",성우하이텍,,,
가스코아산.,,,,,,,08/10,,"CO2 (kg, Bulk)",,,,0,,"2,810",250,"702,500","70,250","772,750",0,,"772,750",에이원알폼,,,
가스코아산.,,,,,,,08/10,,"CO2 (kg, Bulk)",,,,0,,"16,250",220,"3,575,000","357,500","3,932,500",0,,"3,932,500",유진산업가스,,,
가스코아산.,,,,,,,08/10,,"CO2 (kg, Bulk)",,,,0,,"19,290",220,"4,243,800","424,380","4,668,180",0,,"4,668,180",당진가스,,,
가스코아산.,,,,,,,08/10,,"N2 (kg, Bulk)",,,,0,,"4,503",160,"720,480","72,048","792,528",0,,"792,528",일신정밀,,,
가스코아산.,,,,,,,08/11,,"Ar (kg, Bulk)",,,,0,,"4,131",515,"2,127,465","212,747","2,340,212",0,,"2,340,212",씨에스,,,
가스코아산.,,,,,,,08/11,,"Ar (kg, Bulk)",,,,0,,"9,480",515,"4,882,200","488,220","5,370,420",0,,"5,370,420",동희,,,
가스코아산.,,,,,,,08/11,,"Ar (kg, Bulk)",,,,0,,"3,919",515,"2,018,285","201,829","2,220,114",0,,"2,220,114",인디켐,,,
가스코아산.,,,,,,,08/11,,"CO2 (kg, Bulk)",,,,0,,"20,700",220,"4,554,000","455,400","5,009,400",0,,"5,009,400",가스켐,,,
가스코아산.,,,,,,,08/11,,"CO2 (kg, Bulk)",,,,0,,"20,700",220,"4,554,000","455,400","5,009,400",0,,"5,009,400",당진가스,,,
가스코아산.,,,,,,,08/11,,"CO2 (kg, Bulk)",,,,0,,"12,680",250,"3,170,000","317,000","3,487,000",0,,"3,487,000",성우하이텍,,,
가스코아산.,,,,,,,08/11,,"CO2 (kg, Bulk)",,,,0,,"2,590",250,"647,500","64,750","712,250",0,,"712,250",동희,,,
가스코아산.,,,,,,,08/11,,"CO2 (kg, Bulk)",,,,0,,"4,552",250,"1,138,000","113,800","1,251,800",0,,"1,251,800",조양산업,,,
가스코아산.,,,,,,,08/11,,"CO2 (kg, Bulk)",,,,0,,"8,070",230,"1,856,100","185,610","2,041,710",0,,"2,041,710",,,,
가스코아산.,,,,,,,08/11,,"CO2 (kg, Bulk)",,,,0,,"3,289",250,"822,250","82,225","904,475",0,,"904,475",동호오토,,,
가스코아산.,,,,,,,08/11,,"CO2 (kg, Bulk)",,,,0,,"1,596",250,"399,000","39,900","438,900",0,,"438,900",프라코,,,
가스코아산.,,,,,,,08/11,,"CO2 (kg, Bulk)",,,,0,,"9,861",250,"2,465,250","246,525","2,711,775",0,,"2,711,775",국가산업가스,,,
가스코아산.,,,,,,,08/11,,"N2 (kg, Bulk)",,,,0,,"3,303",175,"578,025","57,803","635,828",0,,"635,828",HK머트리얼즈,,,
가스코아산.,,,,,,,08/11,,"N2 (kg, Bulk)",,,,0,,"4,323",175,"756,525","75,653","832,178",0,,"832,178",에프알디,,,
가스코아산.,,,,,,,08/11,,"N2 (kg, Bulk)",,,,0,,"2,744",175,"480,200","48,020","528,220",0,,"528,220",KC인더스트리,,,
가스코아산.,,,,,,,08/11,,"N2 (kg, Bulk)",,,,0,,"3,100",175,"542,500","54,250","596,750",0,,"596,750",엘티씨에이엠,,,
가스코아산.,,,,,,,08/11,,"O2 (kg, Bulk)",,,,0,,"4,197",180,"755,460","75,546","831,006",0,,"831,006",BH산업,,,
가스코아산.,,,,,,,08/11,,"O2 (kg, Bulk)",,,,0,,"3,930",250,"982,500","98,250","1,080,750",0,,"1,080,750",동은스틸,,,
가스코아산.,,,,,,,08/11,,"O2 (kg, Bulk)",,,,0,,"3,656",180,"658,080","65,808","723,888",0,,"723,888",승진기계-석문,,,
가스코아산.,,,,,,,08/11,,"O2 (kg, Bulk)",,,,0,,"3,318",160,"530,880","53,088","583,968",0,,"583,968",일신정밀,,,
가스코아산.,,,,,,,08/12,,"Ar (kg, Bulk)",,,,0,,"3,583",515,"1,845,245","184,525","2,029,770",0,,"2,029,770",유미코아-1공장,,,
가스코아산.,,,,,,,08/12,,"CO2 (kg, Bulk)",,,,0,,"2,588",250,"647,000","64,700","711,700",0,,"711,700",오텍,,,
가스코아산.,,,,,,,08/12,,"CO2 (kg, Bulk)",,,,0,,"8,870",250,"2,217,500","221,750","2,439,250",0,,"2,439,250",코리아휠,,,
가스코아산.,,,,,,,08/12,,"CO2 (kg, Bulk)",,,,0,,"4,191",250,"1,047,750","104,775","1,152,525",0,,"1,152,525",아침보령,,,
가스코아산.,,,,,,,08/12,,"CO2 (kg, Bulk)",,,,0,,"19,540",220,"4,298,800","429,880","4,728,680",0,,"4,728,680",당진가스,,,
가스코아산.,,,,,,,08/12,,"CO2 (kg, Bulk)",,,,0,,"20,660",220,"4,545,200","454,520","4,999,720",0,,"4,999,720",가스켐,,,
가스코아산.,,,,,,,08/12,,"CO2 (kg, Bulk)",,,,0,,"18,910",220,"4,160,200","416,020","4,576,220",0,,"4,576,220",가스켐솔루션,,,
가스코아산.,,,,,,,08/12,,"N2 (kg, Bulk)",,,,0,,"5,979",197,"1,177,863","117,786","1,295,649",0,,"1,295,649",퓨얼셀-신인천,,,
가스코아산.,,,,,,,08/12,,"N2 (kg, Bulk)",,,,0,,"3,609",175,"631,575","63,158","694,733",0,,"694,733",인디켐,,,
가스코아산.,,,,,,,08/12,,"N2 (kg, Bulk)",,,,0,,"7,501",160,"1,200,160","120,016","1,320,176",0,,"1,320,176",,,,
,,,,,,거래처별 합계,,,,,,0,,,"598,094",,"154,574,728","15,457,473","170,032,201",0,,"486,632,407",,,,
가스테크코리아,,,,,,,,,[이월미수액],,,,,,,,,,,,"778,835","778,835",,,,
,,,,,,거래처별 합계,,,,,,0,,,0,,0,0,0,0,,"778,835",,,,
가스텍(고려신소재),,,,,,,,,[이월미수액],,,,,,,,,,,,"1,995,840","1,995,840",,,,
,,,,,,거래처별 합계,,,,,,0,,,0,,0,0,0,0,,"1,995,840",,,,
가스텍(대흥정공),,,,,,,,,[이월미수액],,,,,,,,,,,,"80,850,352","80,850,352",,,,
,,,,,,거래처별 합계,,,,,,0,,,0,,0,0,0,0,,"80,850,352",,,,
가스텍(미성르호봇),,,,,,,,,[이월미수액],,,,,,,,,,,,"2,960,914","2,960,914",,,,
,,,,,,거래처별 합계,,,,,,0,,,0,,0,0,0,0,,"2,960,914",,,,
가스텍(인천),,,,,,,,,[이월미수액],,,,,,,,,,,,"535,081,575","535,081,575",,,,
,,,,,,거래처별 합계,,,,,,0,,,0,,0,0,0,0,,"535,081,575",,,,
경민산업,,,,,,,,,[이월미수액],,,,,,,,,,,,"2,576,778","2,576,778",,,,
경민산업,,,,,,,08/10,,입금 (가스매출),,,,0,,0,0,0,0,0,"616,840",,"-616,840",6월 거래분,,,
경민산업,,,,,,,08/10,,입금 (가스매출),,,,0,,0,0,0,0,0,"257,840",,"-257,840",5월 거래분,,,
,,,,,,거래처별 합계,,,,,,0,,,0,,0,0,0,"874,680",,"1,702,098",,,,
고려대한가스,,,,,,,,,[이월미수액],,,,,,,,,,,,"8,584,735","8,584,735",,,,
고려대한가스,,,,,,,08/11,,"Ar (UHP, 47L, 99.999%)",,,,9,,0,"20,000",0,0,0,0,,0,,,,
고려대한가스,,,,,,,08/11,,"CO2 (kg, Bulk)",,,,0,,"4,000",290,"1,160,000","116,000","1,276,000",0,,"1,276,000",,,,
고려대한가스,,,,,,,08/11,,"He (UHP, 47L, 99.999%)",,,,12,,0,"330,000",0,0,0,0,,0,,,,
고려대한가스,,,,,,,08/11,,"Mix (UHP, CO2 1.7% + N2 23.4% + He Bal)",,,,3,,0,"330,000",0,0,0,0,,0,,,,
고려대한가스,,,,,,,08/12,,"Ar (UHP, 47L, 99.999%)",,,,0,,3,"20,000","60,000","6,000","66,000",0,,"66,000",,,,
고려대한가스,,,,,,,08/12,,"N2 (kg, Bulk)",,,,0,,"3,600",175,"630,000","63,000","693,000",0,,"693,000",유진산업,,,
,,,,,,거래처별 합계,,,,,,24,,,"7,603",,"1,850,000","185,000","2,035,000",0,,"10,619,735",,,,
공도(한일가스충전소),,,,,,,,,[이월미수액],,,,,,,,,,,,"447,440","447,440",,,,
,,,,,,거래처별 합계,,,,,,0,,,0,,0,0,0,0,,"447,440",,,,
공도.,,,,,,,,,[이월미수액],,,,,,,,,,,,"3,716,438","3,716,438",,,,
,,,,,,거래처별 합계,,,,,,0,,,0,,0,0,0,0,,"3,716,438",,,,
공성기계,,,,,,,,,[이월미수액],,,,,,,,,,,,"176,000","176,000",,,,
공성기계,,,,,,,08/10,,입금 (가스매출),,,,0,,0,0,0,0,0,"176,000",,"-176,000",7월 거래분,,,
,,,,,,거래처별 합계,,,,,,0,,,0,,0,0,0,"176,000",,0,,,,
국제산업가스,,,,,,,,,[이월미수액],,,,,,,,,,,,"9,116,910","9,116,910",,,,
국제산업가스,,,,,,,08/06,,"CO2 (kg, Bulk)",,,,0,,"21,096",290,"6,117,840","611,784","6,729,624",0,,"6,729,624",,,,
,,,,,,거래처별 합계,,,,,,0,,,"21,096",,"6,117,840","611,784","6,729,624",0,,"15,846,534",,,,
다올이앤씨 주식회사,,,,,,,,,[이월미수액],,,,,,,,,,,,"1,974,830","1,974,830",,,,
,,,,,,거래처별 합계,,,,,,0,,,0,,0,0,0,0,,"1,974,830",,,,
단일시스켐,,,,,,,,,[이월미수액],,,,,,,,,,,,"4,870,800","4,870,800",,,,
,,,,,,거래처별 합계,,,,,,0,,,0,,0,0,0,0,,"4,870,800",,,,
대성가스텍,,,,,,,,,[이월미수액],,,,,,,,,,,,"89,349,313","89,349,313",,,,
대성가스텍,,,,,,,08/07,,"CO2 (kg, Bulk)",,,,0,,"2,130",240,"511,200","51,120","562,320",0,,"562,320",5353,,,
대성가스텍,,,,,,,08/07,,"CO2 (kg, Bulk)",,,,0,,"15,000",230,"3,450,000","345,000","3,795,000",0,,"3,795,000",5353,,,
대성가스텍,,,,,,,08/12,,"Ar (UHP, 47L, 99.999%)",,,,7,,8,"22,869","182,952","18,295","201,247",0,,"201,247",,,,
,,,,,,거래처별 합계,,,,,,7,,,"17,138",,"4,144,152","414,415","4,558,567",0,,"93,907,880",,,,
대성스틸,,,,,,,,,[이월미수액],,,,,,,,,,,,"705,705","705,705",,,,
,,,,,,거래처별 합계,,,,,,0,,,0,,0,0,0,0,,"705,705",,,,
대성플랜트,,,,,,,,,[이월미수액],,,,,,,,,,,,"1,993,420","1,993,420",,,,
대성플랜트,,,,,,,08/04,,"CO2 (공업용, 40kg)",,,,5,,5,"33,000","165,000","16,500","181,500",0,,"181,500",,,,
대성플랜트,,,,,,,08/05,,LPG (50kg),,,,3,,0,"137,500",0,0,0,0,,0,,,,
대성플랜트,,,,,,,08/10,,"CO2 (공업용, 40kg)",,,,6,,4,"33,000","132,000","13,200","145,200",0,,"145,200",,,,
대성플랜트,,,,,,,08/10,,LPG (20kg),,,,0,,3,"55,000","165,000","16,500","181,500",0,,"181,500",,,,
대성플랜트,,,,,,,08/10,,"O2 (LGC, 175L, 고압용)",,,,1,,0,"77,050",0,0,0,0,,0,,,,
,,,,,,거래처별 합계,,,,,,15,,,12,,"462,000","46,200","508,200",0,,"2,501,620",,,,
대영가스상사,,,,,,,,,[이월미수액],,,,,,,,,,,,"16,777,860","16,777,860",,,,
대영가스상사,,,,,,,08/03,,용기검사 (일반),,,,1,,1,"44,300","44,300","4,430","48,730",0,,"48,730",O2,,,
대영가스상사,,,,,,,08/03,,Air (UHP),,,,3,,0,"35,000",0,0,0,0,,0,,,,
대영가스상사,,,,,,,08/03,,Ar (일반),,,,5,,9,"13,000","117,000","11,700","128,700",0,,"128,700",,,,
대영가스상사,,,,,,,08/03,,"Ar (UHP, 47L, 99.999%)",,,,1,,0,"35,000",0,0,0,0,,0,,,,
대영가스상사,,,,,,,08/03,,"CO2 (공업용, 20kg)",,,,4,,0,"11,000",0,0,0,0,,0,,,,
대영가스상사,,,,,,,08/03,,"CO2 (공업용, 40kg)",,,,1,,0,"22,000",0,0,0,0,,0,,,,
대영가스상사,,,,,,,08/03,,"N2 (공업용, 40L)",,,,10,,11,"4,000","44,000","4,400","48,400",0,,"48,400",,,,
대영가스상사,,,,,,,08/03,,"N2 (UHP, 99.999%)",,,,4,,0,"23,000",0,0,0,0,,0,,,,
대영가스상사,,,,,,,08/03,,"O2 (공업용, 40L)",,,,11,,11,"4,000","44,000","4,400","48,400",0,,"48,400",,,,
대영가스상사,,,,,,,08/04,,Air (UHP),,,,1,,0,"35,000",0,0,0,0,,0,,,,
대영가스상사,,,,,,,08/04,,Ar (일반),,,,4,,4,"13,000","52,000","5,200","57,200",0,,"57,200",,,,
대영가스상사,,,,,,,08/04,,"Ar (LGC, 175L)",,,,1,,1,"155,000","155,000","15,500","170,500",0,,"170,500",,,,
대영가스상사,,,,,,,08/04,,"CO2 (공업용, 20kg)",,,,1,,0,"11,000",0,0,0,0,,0,,,,
대영가스상사,,,,,,,08/04,,"N2 (공업용, 40L)",,,,8,,6,"4,000","24,000","2,400","26,400",0,,"26,400",,,,
대영가스상사,,,,,,,08/04,,"N2 (LGC, 175L)",,,,1,,1,"35,000","35,000","3,500","38,500",0,,"38,500",,,,
대영가스상사,,,,,,,08/04,,"N2 (UHP, 99.999%)",,,,2,,0,"23,000",0,0,0,0,,0,,,,
대영가스상사,,,,,,,08/04,,"O2 (공업용, 40L)",,,,4,,4,"4,000","16,000","1,600","17,600",0,,"17,600",,,,
대영가스상사,,,,,,,08/05,,"CO2 (공업용, 20kg)",,,,0,,10,"11,000","110,000","11,000","121,000",0,,"121,000",,,,
대영가스상사,,,,,,,08/05,,"O2 (공업용, 40L)",,,,0,,4,"4,000","16,000","1,600","17,600",0,,"17,600",,,,
대영가스상사,,,,,,,08/05,,"O2 (LGC, 175L) ",,,,2,,2,"35,000","70,000","7,000","77,000",0,,"77,000",,,,
대영가스상사,,,,,,,08/06,,Ar (일반),,,,1,,0,"13,000",0,0,0,0,,0,,,,
대영가스상사,,,,,,,08/06,,"Ar (LGC, 175L)",,,,1,,1,"155,000","155,000","15,500","170,500",0,,"170,500",,,,
대영가스상사,,,,,,,08/06,,"CO2 (공업용, 40kg)",,,,6,,3,"22,000","66,000","6,600","72,600",0,,"72,600",,,,
대영가스상사,,,,,,,08/06,,"N2 (LGC, 175L)",,,,0,,1,"35,000","35,000","3,500","38,500",0,,"38,500",,,,
대영가스상사,,,,,,,08/06,,"O2 (공업용, 40L)",,,,4,,4,"4,000","16,000","1,600","17,600",0,,"17,600",,,,
대영가스상사,,,,,,,08/06,,"O2 (LGC, 175L) ",,,,0,,1,"35,000","35,000","3,500","38,500",0,,"38,500",,,,
대영가스상사,,,,,,,08/07,,용기검사 (일반),,,,2,,2,"44,300","88,600","8,860","97,460",0,,"97,460","AR 1, CO2 20kg 1",,,
대영가스상사,,,,,,,08/07,,Ar (일반),,,,10,,4,"13,000","52,000","5,200","57,200",0,,"57,200",,,,
대영가스상사,,,,,,,08/07,,"Ar (LGC, 175L)",,,,1,,1,"155,000","155,000","15,500","170,500",0,,"170,500",,,,
대영가스상사,,,,,,,08/07,,"CO2 (공업용, 20kg)",,,,15,,6,"11,000","66,000","6,600","72,600",0,,"72,600",,,,
대영가스상사,,,,,,,08/07,,"CO2 (공업용, 40kg)",,,,4,,0,"22,000",0,0,0,0,,0,,,,
대영가스상사,,,,,,,08/07,,"O2 (공업용, 40L)",,,,3,,5,"4,000","20,000","2,000","22,000",0,,"22,000",,,,
대영가스상사,,,,,,,08/07,,"O2 (LGC, 175L) ",,,,1,,0,"35,000",0,0,0,0,,0,,,,
대영가스상사,,,,,,,08/10,,용기검사 (일반),,,,2,,2,"44,300","88,600","8,860","97,460",0,,"97,460","O2 1, CO2 20kg 1",,,
대영가스상사,,,,,,,08/10,,입금 (가스매출),,,,0,,0,0,0,0,0,"16,777,860",,"-16,777,860",7월 거래분,,,
대영가스상사,,,,,,,08/10,,Ar (일반),,,,16,,9,"13,000","117,000","11,700","128,700",0,,"128,700",,,,
대영가스상사,,,,,,,08/10,,"CO2 (공업용, 20kg)",,,,17,,15,"11,000","165,000","16,500","181,500",0,,"181,500",,,,
대영가스상사,,,,,,,08/10,,"CO2 (공업용, 40kg)",,,,3,,7,"22,000","154,000","15,400","169,400",0,,"169,400",,,,
대영가스상사,,,,,,,08/10,,"N2 (공업용, 40L)",,,,5,,10,"4,000","40,000","4,000","44,000",0,,"44,000",,,,
대영가스상사,,,,,,,08/10,,"O2 (공업용, 40L)",,,,23,,16,"4,000","64,000","6,400","70,400",0,,"70,400",,,,
대영가스상사,,,,,,,08/11,,용기검사 (일반),,,,2,,2,"44,300","88,600","8,860","97,460",0,,"97,460","O2 1, CO2 20kg 1",,,
대영가스상사,,,,,,,08/11,,Ar (일반),,,,8,,3,"13,000","39,000","3,900","42,900",0,,"42,900",,,,
대영가스상사,,,,,,,08/11,,"CO2 (공업용, 20kg)",,,,9,,9,"11,000","99,000","9,900","108,900",0,,"108,900",,,,
대영가스상사,,,,,,,08/11,,"N2 (공업용, 40L)",,,,3,,3,"4,000","12,000","1,200","13,200",0,,"13,200",,,,
대영가스상사,,,,,,,08/11,,"N2 (UHP, 99.999%)",,,,0,,2,"23,000","46,000","4,600","50,600",0,,"50,600",,,,
대영가스상사,,,,,,,08/11,,"O2 (공업용, 40L)",,,,5,,0,"4,000",0,0,0,0,,0,,,,
대영가스상사,,,,,,,08/11,,"O2 (LGC, 175L) ",,,,0,,2,"35,000","70,000","7,000","77,000",0,,"77,000",,,,
대영가스상사,,,,,,,08/12,,용기검사 (일반),,,,5,,5,"44,300","221,500","22,150","243,650",0,,"243,650","O2 2, N2 1, AR 2",,,
대영가스상사,,,,,,,08/12,,Air (UHP),,,,2,,2,"35,000","70,000","7,000","77,000",0,,"77,000",,,,
대영가스상사,,,,,,,08/12,,Ar (일반),,,,15,,19,"13,000","247,000","24,700","271,700",0,,"271,700",,,,
대영가스상사,,,,,,,08/12,,"CO2 (공업용, 20kg)",,,,2,,5,"11,000","55,000","5,500","60,500",0,,"60,500",,,,
대영가스상사,,,,,,,08/12,,"CO2 (공업용, 40kg)",,,,2,,2,"22,000","44,000","4,400","48,400",0,,"48,400",,,,
대영가스상사,,,,,,,08/12,,"N2 (공업용, 40L)",,,,6,,3,"4,000","12,000","1,200","13,200",0,,"13,200",,,,
대영가스상사,,,,,,,08/12,,"N2 (LGC, 175L)",,,,2,,2,"35,000","70,000","7,000","77,000",0,,"77,000",,,,
대영가스상사,,,,,,,08/12,,"O2 (공업용, 40L)",,,,21,,21,"4,000","84,000","8,400","92,400",0,,"92,400",,,,
대영가스상사,,,,,,,08/12,,"O2 (LGC, 175L) ",,,,2,,0,"35,000",0,0,0,0,,0,,,,
,,,,,,거래처별 합계,,,,,,262,,,231,,"3,202,600","320,260","3,522,860","16,777,860",,"3,522,860",,,,
대진에스에이,,,,,,,,,[이월미수액],,,,,,,,,,,,"2,614,700","2,614,700",,,,
대진에스에이,,,,,,,08/06,,입금 (가스매출),,,,0,,0,0,0,0,0,"848,320",,"-848,320",5월 거래분,,,
,,,,,,거래처별 합계,,,,,,0,,,0,,0,0,0,"848,320",,"1,766,380",,,,
대한산업가스,,,,,,,,,[이월미수액],,,,,,,,,,,,"26,913,469","26,913,469",,,,
대한산업가스,,,,,,,08/03,,"CO2 (kg, Bulk)",,,,0,,"1,920",245,"470,400","47,040","517,440",0,,"517,440",덕신하우징,,,
대한산업가스,,,,,,,08/10,,"Ar (kg, Bulk)",,,,0,,"4,948",530,"2,622,440","262,244","2,884,684",0,,"2,884,684",,,,
대한산업가스,,,,,,,08/11,,"CO2 (kg, Bulk)",,,,0,,"10,071",245,"2,467,395","246,740","2,714,135",0,,"2,714,135",,,,
대한산업가스,,,,,,,08/12,,"CO2 (kg, Bulk)",,,,0,,"4,620",245,"1,131,900","113,190","1,245,090",0,,"1,245,090",덕신하우징,,,
,,,,,,거래처별 합계,,,,,,0,,,"21,559",,"6,692,135","669,214","7,361,349",0,,"34,274,818",,,,
대한특수가스,,,,,,,,,[이월미수액],,,,,,,,,,,,"60,643,506","60,643,506",,,,
대한특수가스,,,,,,,08/03,,"CO2 (kg, Bulk)",,,,0,,"11,213",290,"3,251,770","325,177","3,576,947",0,,"3,576,947",,,,
대한특수가스,,,,,,,08/05,,입금 (가스매출),,,,0,,0,0,0,0,0,"25,462,261",,"-25,462,261",6월 거래분,,,
대한특수가스,,,,,,,08/06,,"CO2 (kg, Bulk)",,,,0,,"9,488",290,"2,751,520","275,152","3,026,672",0,,"3,026,672",,,,
대한특수가스,,,,,,,08/10,,"CO2 (kg, Bulk)",,,,0,,"6,955",290,"2,016,950","201,695","2,218,645",0,,"2,218,645",,,,
대한특수가스,,,,,,,08/12,,"Ar (kg, Bulk)",,,,0,,"7,006",490,"3,432,940","343,294","3,776,234",0,,"3,776,234",,,,
,,,,,,거래처별 합계,,,,,,0,,,"34,662",,"11,453,180","1,145,318","12,598,498","25,462,261",,"47,779,743",,,,
대현엔지니어링,,,,,,,,,[이월미수액],,,,,,,,,,,,"3,223,440","3,223,440",,,,
대현엔지니어링,,,,,,,08/05,,"CO2 (공업용, 40kg)",,,,3,,3,"41,800","125,400","12,540","137,940",0,,"137,940",,,,
대현엔지니어링,,,,,,,08/10,,"CO2 (공업용, 40kg)",,,,3,,3,"41,800","125,400","12,540","137,940",0,,"137,940",,,,
대현엔지니어링,,,,,,,08/10,,"O2 (공업용, 40L)",,,,4,,4,"19,800","79,200","7,920","87,120",0,,"87,120",,,,
,,,,,,거래처별 합계,,,,,,10,,,10,,"330,000","33,000","363,000",0,,"3,586,440",,,,
대흥샤링,,,,,,,,,[이월미수액],,,,,,,,,,,,"4,287,910","4,287,910",,,,
대흥샤링,,,,,,,08/07,,"N2 (kg, Bulk)",,,,0,,"3,460",230,"795,800","79,580","875,380",0,,"875,380",,,,
,,,,,,거래처별 합계,,,,,,0,,,"3,460",,"795,800","79,580","875,380",0,,"5,163,290",,,,
대흥정공.,,,,,,,,,[이월미수액],,,,,,,,,,,,"15,114,660","15,114,660",,,,
,,,,,,거래처별 합계,,,,,,0,,,0,,0,0,0,0,,"15,114,660",,,,
덕양가스(당진),,,,,,,,,[이월미수액],,,,,,,,,,,,"24,377,760","24,377,760",,,,
덕양가스(당진),,,,,,,08/06,,"CO2 (kg, Bulk)",,,,0,,"17,000",240,"4,080,000","408,000","4,488,000",0,,"4,488,000",5196,,,
덕양가스(당진),,,,,,,08/10,,"CO2 (kg, Bulk)",,,,0,,"18,620",240,"4,468,800","446,880","4,915,680",0,,"4,915,680",5196,,,
덕양가스(당진),,,,,,,08/11,,"CO2 (kg, Bulk)",,,,0,,"18,910",240,"4,538,400","453,840","4,992,240",0,,"4,992,240",5196,,,
덕양가스(당진),,,,,,,08/12,,"CO2 (kg, Bulk)",,,,0,,"16,980",240,"4,075,200","407,520","4,482,720",0,,"4,482,720",5222,,,
,,,,,,거래처별 합계,,,,,,0,,,"71,510",,"17,162,400","1,716,240","18,878,640",0,,"43,256,400",,,,
동아기술(구.동아플랜트),,,,,,,,,[이월미수액],,,,,,,,,,,,"566,280","566,280",,,,
동아기술(구.동아플랜트),,,,,,,08/06,,Ar (일반),,,,5,,5,"26,400","132,000","13,200","145,200",0,,"145,200",,,,
,,,,,,거래처별 합계,,,,,,5,,,5,,"132,000","13,200","145,200",0,,"711,480",,,,
두산판금,,,,,,,,,[이월미수액],,,,,,,,,,,,"28,405,432","28,405,432",,,,
두산판금,,,,,,,08/04,,"N2 (liter, Bulk)",,,,0,,"1,943",220,"427,460","42,746","470,206",0,,"470,206","1,570kg",,,
두산판금,,,,,,,08/05,,Ar (일반),,,,19,,9,"17,600","158,400","15,840","174,240",0,,"174,240",,,,
두산판금,,,,,,,08/07,,Ar (일반),,,,21,,21,"17,600","369,600","36,960","406,560",0,,"406,560",,,,
두산판금,,,,,,,08/07,,"N2 (liter, Bulk)",,,,0,,"2,315",220,"509,300","50,930","560,230",0,,"560,230","1,870kg",,,
두산판금,,,,,,,08/10,,Ar (일반),,,,25,,13,"17,600","228,800","22,880","251,680",0,,"251,680",,,,
두산판금,,,,,,,08/10,,"O2 (LGC, 175L, 고압용)",,,,1,,1,"58,300","58,300","5,830","64,130",0,,"64,130",,,,
두산판금,,,,,,,08/11,,입금 (가스매출),,,,0,,0,0,0,0,0,"12,065,482",,"-12,065,482",6월 거래분,,,
두산판금,,,,,,,08/11,,"N2 (liter, Bulk)",,,,0,,"3,714",220,"817,080","81,708","898,788",0,,"898,788","3,000kg",,,
두산판금,,,,,,,08/12,,Ar (일반),,,,30,,25,"17,600","440,000","44,000","484,000",0,,"484,000",,,,
두산판금,,,,,,,08/12,,"O2 (LGC, 175L, 고압용)",,,,1,,1,"58,300","58,300","5,830","64,130",0,,"64,130",,,,
,,,,,,거래처별 합계,,,,,,97,,,"8,042",,"3,067,240","306,724","3,373,964","12,065,482",,"19,713,914",,,,
두영에스티,,,,,,,,,[이월미수액],,,,,,,,,,,,"2,890,360","2,890,360",,,,
두영에스티,,,,,,,08/12,,"N2 (kg, Bulk)",,,,0,,"2,950",290,"855,500","85,550","941,050",0,,"941,050",,,,
,,,,,,거래처별 합계,,,,,,0,,,"2,950",,"855,500","85,550","941,050",0,,"3,831,410",,,,
드림레이저,,,,,,,,,[이월미수액],,,,,,,,,,,,"11,660,039","11,660,039",,,,
드림레이저,,,,,,,08/03,,"N2 (kg, Bulk)",,,,0,,"3,950",300,"1,185,000","118,500","1,303,500",0,,"1,303,500",,,,
드림레이저,,,,,,,08/05,,입금 (가스매출),,,,0,,0,0,0,0,0,"4,839,082",,"-4,839,082",6월 거래분,,,
드림레이저,,,,,,,08/05,,"He (UHP, 47L, 99.999%)",,,,1,,1,"400,000","400,000","40,000","440,000",0,,"440,000",,,,
드림레이저,,,,,,,08/05,,"O2 (LGC, 175L, 고압용)",,,,1,,2,"75,075","150,150","15,015","165,165",0,,"165,165",,,,
,,,,,,거래처별 합계,,,,,,2,,,"3,953",,"1,735,150","173,515","1,908,665","4,839,082",,"8,729,622",,,,
드림맥,,,,,,,,,[이월미수액],,,,,,,,,,,,"16,502,915","16,502,915",,,,
드림맥,,,,,,,08/07,,Ar (일반),,,,5,,5,"24,000","120,000","12,000","132,000",0,,"132,000",,,,
드림맥,,,,,,,08/10,,Ar (일반),,,,3,,3,"24,000","72,000","7,200","79,200",0,,"79,200",,,,
드림맥,,,,,,,08/10,,"O2 (LGC, 175L) ",,,,1,,1,"73,500","73,500","7,350","80,850",0,,"80,850",,,,
드림맥,,,,,,,08/12,,Ar (일반),,,,5,,5,"24,000","120,000","12,000","132,000",0,,"132,000",,,,
,,,,,,거래처별 합계,,,,,,14,,,14,,"385,500","38,550","424,050",0,,"16,926,965",,,,
디아이이앤티,,,,,,,,,[이월미수액],,,,,,,,,,,,"1,706,100","1,706,100",,,,
,,,,,,거래처별 합계,,,,,,0,,,0,,0,0,0,0,,"1,706,100",,,,
디에스텍,,,,,,,,,[이월미수액],,,,,,,,,,,,"33,038,926","33,038,926",,,,
디에스텍,,,,,,,08/03,,Ar (일반),,,,30,,14,"13,200","184,800","18,480","203,280",0,,"203,280",,,,
디에스텍,,,,,,,08/03,,Mix (H2 3% + Ar Bal),,,,1,,0,"18,100",0,0,0,0,,0,,,,
디에스텍,,,,,,,08/03,,"N2 (공업용, 40L)",,,,4,,0,"5,200",0,0,0,0,,0,,,,
디에스텍,,,,,,,08/03,,"O2 (공업용, 40L)",,,,32,,0,"5,200",0,0,0,0,,0,,,,
디에스텍,,,,,,,08/03,,"O2 (LGC, 175L) ",,,,15,,15,"41,150","617,250","61,725","678,975",0,,"678,975",,,,
디에스텍,,,,,,,08/04,,Ar (일반),,,,1,,30,"13,200","396,000","39,600","435,600",0,,"435,600",,,,
디에스텍,,,,,,,08/04,,"CO2 (kg, Bulk)",,,,0,,"6,050",315,"1,905,750","190,575","2,096,325",0,,"2,096,325",한양정밀,,,
디에스텍,,,,,,,08/04,,"N2 (공업용, 40L)",,,,5,,16,"5,200","83,200","8,320","91,520",0,,"91,520",,,,
디에스텍,,,,,,,08/04,,"O2 (공업용, 40L)",,,,0,,32,"5,200","166,400","16,640","183,040",0,,"183,040",,,,
디에스텍,,,,,,,08/04,,"O2 (LGC, 175L) ",,,,7,,2,"41,150","82,300","8,230","90,530",0,,"90,530",,,,
디에스텍,,,,,,,08/05,,Ar (일반),,,,5,,1,"13,200","13,200","1,320","14,520",0,,"14,520",,,,
디에스텍,,,,,,,08/05,,"O2 (공업용, 40L)",,,,6,,0,"5,200",0,0,0,0,,0,,,,
디에스텍,,,,,,,08/05,,"O2 (LGC, 175L) ",,,,7,,6,"41,150","246,900","24,690","271,590",0,,"271,590",,,,
디에스텍,,,,,,,08/06,,Ar (일반),,,,16,,0,"13,200",0,0,0,0,,0,,,,
디에스텍,,,,,,,08/06,,"Mix (UHP, CO 4% + CO2 8% + He 28% + N2 Bal)",,,,0,,1,"392,700","392,700","39,270","431,970",0,,"431,970",,,,
디에스텍,,,,,,,08/06,,"N2 (공업용, 40L)",,,,4,,0,"5,200",0,0,0,0,,0,,,,
디에스텍,,,,,,,08/06,,"N2 (kg, Bulk)",,,,0,,"3,720",239,"889,080","88,908","977,988",0,,"977,988",메가로봇,,,
디에스텍,,,,,,,08/06,,"N2 (kg, Bulk)",,,,0,,"3,560",239,"850,840","85,084","935,924",0,,"935,924",HK,,,
디에스텍,,,,,,,08/06,,"O2 (공업용, 40L)",,,,13,,6,"5,200","31,200","3,120","34,320",0,,"34,320",,,,
디에스텍,,,,,,,08/06,,"O2 (LGC, 175L) ",,,,9,,6,"41,150","246,900","24,690","271,590",0,,"271,590",,,,
디에스텍,,,,,,,08/07,,Ar (일반),,,,12,,21,"13,200","277,200","27,720","304,920",0,,"304,920",,,,
디에스텍,,,,,,,08/07,,"CO2 (kg, Bulk)",,,,0,,"3,770",315,"1,187,550","118,755","1,306,305",0,,"1,306,305",송산기업,,,
디에스텍,,,,,,,08/07,,"N2 (공업용, 40L)",,,,2,,0,"5,200",0,0,0,0,,0,,,,
디에스텍,,,,,,,08/07,,"O2 (공업용, 40L)",,,,1,,13,"5,200","67,600","6,760","74,360",0,,"74,360",,,,
디에스텍,,,,,,,08/07,,"O2 (LGC, 175L) ",,,,2,,11,"41,150","452,650","45,265","497,915",0,,"497,915",,,,
디에스텍,,,,,,,08/10,,Ar (일반),,,,10,,12,"13,200","158,400","15,840","174,240",0,,"174,240",,,,
디에스텍,,,,,,,08/10,,Mix (CO2 20% + Ar Bal),,,,0,,9,"13,200","118,800","11,880","130,680",0,,"130,680",,,,
디에스텍,,,,,,,08/10,,"N2 (공업용, 40L)",,,,1,,11,"5,200","57,200","5,720","62,920",0,,"62,920",,,,
디에스텍,,,,,,,08/10,,"O2 (공업용, 40L)",,,,17,,0,"5,200",0,0,0,0,,0,,,,
디에스텍,,,,,,,08/10,,"O2 (LGC, 175L) ",,,,18,,13,"41,150","534,950","53,495","588,445",0,,"588,445",,,,
디에스텍,,,,,,,08/11,,Ar (일반),,,,11,,10,"13,200","132,000","13,200","145,200",0,,"145,200",,,,
디에스텍,,,,,,,08/11,,"O2 (공업용, 40L)",,,,9,,18,"5,200","93,600","9,360","102,960",0,,"102,960",,,,
디에스텍,,,,,,,08/11,,"O2 (LGC, 175L) ",,,,13,,6,"41,150","246,900","24,690","271,590",0,,"271,590",,,,
디에스텍,,,,,,,08/11,,"O2 (LGC, 175L) ",,,,0,,1,0,0,0,0,0,,0,미검공병출고,,,
디에스텍,,,,,,,08/12,,Ar (일반),,,,36,,11,"13,200","145,200","14,520","159,720",0,,"159,720",,,,
디에스텍,,,,,,,08/12,,"CO2 (kg, Bulk)",,,,0,,"3,959",315,"1,247,085","124,709","1,371,794",0,,"1,371,794",델리치푸드,,,
디에스텍,,,,,,,08/12,,Mix (CO2 20% + Ar Bal),,,,6,,0,"13,200",0,0,0,0,,0,,,,
디에스텍,,,,,,,08/12,,Mix (H2 3% + Ar Bal),,,,11,,0,"18,100",0,0,0,0,,0,,,,
디에스텍,,,,,,,08/12,,"N2 (kg, Bulk)",,,,0,,"3,627",239,"866,853","86,685","953,538",0,,"953,538",부성산업,,,
디에스텍,,,,,,,08/12,,"O2 (공업용, 40L)",,,,24,,9,"5,200","46,800","4,680","51,480",0,,"51,480",,,,
디에스텍,,,,,,,08/12,,"O2 (LGC, 175L) ",,,,2,,11,"41,150","452,650","45,265","497,915",0,,"497,915",,,,
,,,,,,거래처별 합계,,,,,,330,,,"24,971",,"12,191,958","1,219,196","13,411,154",0,,"46,450,080",,,,
디자인비무(구.이랜드서비스),,,,,,,,,[이월미수액],,,,,,,,,,,,"415,800","415,800",,,,
디자인비무(구.이랜드서비스),,,,,,,08/07,,Ar (일반),,,,5,,5,"31,500","157,500","15,750","173,250",0,,"173,250",,,,
,,,,,,거래처별 합계,,,,,,5,,,5,,"157,500","15,750","173,250",0,,"589,050",,,,
디케이가스,,,,,,,,,[이월미수액],,,,,,,,,,,,"902,660","902,660",,,,
디케이가스,,,,,,,08/03,,입금 (가스매출),,,,0,,0,0,0,0,0,"902,660",,"-902,660",7월 거래분,,,
,,,,,,거래처별 합계,,,,,,0,,,0,,0,0,0,"902,660",,0,,,,
라쿨 주식회사(구.신정우),,,,,,,,,[이월미수액],,,,,,,,,,,,"35,026,156","35,026,156",,,,
라쿨 주식회사(구.신정우),,,,,,,08/07,,C2H2 (3kg),,,,2,,2,"69,000","138,000","13,800","151,800",0,,"151,800",,,,
라쿨 주식회사(구.신정우),,,,,,,08/07,,"CO2 (공업용, 40kg)",,,,10,,10,"25,300","253,000","25,300","278,300",0,,"278,300",,,,
라쿨 주식회사(구.신정우),,,,,,,08/07,,"LPG (kg, Bulk)",,,,0,,"2,440","1,439","3,512,136","351,214","3,863,350",0,,"3,863,350",,,,
라쿨 주식회사(구.신정우),,,,,,,08/07,,Mix (CO2 20% + Ar Bal),,,,7,,7,"19,900","139,300","13,930","153,230",0,,"153,230",,,,
라쿨 주식회사(구.신정우),,,,,,,08/10,,"Ar (kg, Bulk)",,,,0,,"2,167",615,"1,332,705","133,271","1,465,976",0,,"1,465,976",,,,
라쿨 주식회사(구.신정우),,,,,,,08/11,,C2H2 (3kg),,,,1,,1,"69,000","69,000","6,900","75,900",0,,"75,900",,,,
라쿨 주식회사(구.신정우),,,,,,,08/11,,Mix (CO2 20% + Ar Bal),,,,8,,8,"19,900","159,200","15,920","175,120",0,,"175,120",,,,
라쿨 주식회사(구.신정우),,,,,,,08/11,,"O2 (공업용, 40L)",,,,1,,1,"9,900","9,900",990,"10,890",0,,"10,890",,,,
,,,,,,거래처별 합계,,,,,,29,,,"4,636",,"5,613,241","561,324","6,174,565",0,,"41,200,721",,,,
마스터엔지니어링,,,,,,,,,[이월미수액],,,,,,,,,,,,"1,556,170","1,556,170",,,,
마스터엔지니어링,,,,,,,08/03,,Ar (일반),,,,1,,4,"18,100","72,400","7,240","79,640",0,,"79,640",,,,
마스터엔지니어링,,,,,,,08/03,,"CO2 (공업용, 20kg)",,,,2,,2,"13,700","27,400","2,740","30,140",0,,"30,140",,,,
마스터엔지니어링,,,,,,,08/03,,"N2 (LGC, 175L, 고압용)",,,,1,,2,"66,500","133,000","13,300","146,300",0,,"146,300",,,,
마스터엔지니어링,,,,,,,08/07,,Ar (일반),,,,2,,2,"18,100","36,200","3,620","39,820",0,,"39,820",,,,
마스터엔지니어링,,,,,,,08/07,,"CO2 (공업용, 20kg)",,,,1,,1,"13,700","13,700","1,370","15,070",0,,"15,070",,,,
마스터엔지니어링,,,,,,,08/07,,"O2 (공업용, 40L)",,,,1,,1,"9,200","9,200",920,"10,120",0,,"10,120",,,,
마스터엔지니어링,,,,,,,08/12,,Ar (일반),,,,4,,1,"18,100","18,100","1,810","19,910",0,,"19,910",,,,
마스터엔지니어링,,,,,,,08/12,,"O2 (공업용, 40L)",,,,1,,1,"9,200","9,200",920,"10,120",0,,"10,120",,,,
,,,,,,거래처별 합계,,,,,,13,,,14,,"319,200","31,920","351,120",0,,"1,907,290",,,,
명성코리아테크놀러지,,,,,,,,,[이월미수액],,,,,,,,,,,,"6,208,763","6,208,763",,,,
명성코리아테크놀러지,,,,,,,08/01,,장비 임대,,,,0,,1,"300,000","300,000","30,000","330,000",0,,"330,000",,,,
명성코리아테크놀러지,,,,,,,08/11,,"N2 (kg, Bulk)",,,,0,,"3,500",361,"1,263,500","126,350","1,389,850",0,,"1,389,850",,,,
,,,,,,거래처별 합계,,,,,,0,,,"3,501",,"1,563,500","156,350","1,719,850",0,,"7,928,613",,,,
명인ENG,,,,,,,,,[이월미수액],,,,,,,,,,,,"118,580","118,580",,,,
,,,,,,거래처별 합계,,,,,,0,,,0,,0,0,0,0,,"118,580",,,,
모베이스전자,,,,,,,,,[이월미수액],,,,,,,,,,,,"5,123,536","5,123,536",,,,
,,,,,,거래처별 합계,,,,,,0,,,0,,0,0,0,0,,"5,123,536",,,,
모소디엔엠(구.한성포장),,,,,,,,,[이월미수액],,,,,,,,,,,,"24,007,984","24,007,984",,,,
,,,,,,거래처별 합계,,,,,,0,,,0,,0,0,0,0,,"24,007,984",,,,
무한상사,,,,,,,,,[이월미수액],,,,,,,,,,,,"183,320,599","183,320,599",,,,
무한상사,,,,,,,08/01,,"CO2 (kg, Bulk)",,,,0,,"21,209",250,"5,302,250","530,225","5,832,475",0,,"5,832,475",,,,
무한상사,,,,,,,08/02,,"CO2 (kg, Bulk)",,,,0,,"21,683",250,"5,420,750","542,075","5,962,825",0,,"5,962,825",,,,
무한상사,,,,,,,08/02,,"CO2 (kg, Bulk)",,,,0,,"19,869",250,"4,967,250","496,725","5,463,975",0,,"5,463,975",,,,
무한상사,,,,,,,08/05,,"CO2 (kg, Bulk)",,,,0,,"21,255",250,"5,313,750","531,375","5,845,125",0,,"5,845,125",,,,
무한상사,,,,,,,08/05,,"CO2 (kg, Bulk)",,,,0,,"21,730",250,"5,432,500","543,250","5,975,750",0,,"5,975,750",,,,
무한상사,,,,,,,08/06,,"CO2 (kg, Bulk)",,,,0,,"21,680",250,"5,420,000","542,000","5,962,000",0,,"5,962,000",,,,
무한상사,,,,,,,08/08,,"CO2 (kg, Bulk)",,,,0,,"21,020",250,"5,255,000","525,500","5,780,500",0,,"5,780,500",,,,
무한상사,,,,,,,08/09,,"CO2 (kg, Bulk)",,,,0,,"21,264",250,"5,316,000","531,600","5,847,600",0,,"5,847,600",,,,
무한상사,,,,,,,08/09,,"CO2 (kg, Bulk)",,,,0,,"20,946",250,"5,236,500","523,650","5,760,150",0,,"5,760,150",,,,
무한상사,,,,,,,08/10,,입금 (가스매출),,,,0,,0,0,0,0,0,"71,256,174",,"-71,256,174",6월 거래분,,,
무한상사,,,,,,,08/11,,"CO2 (kg, Bulk)",,,,0,,"19,826",250,"4,956,500","495,650","5,452,150",0,,"5,452,150",,,,
무한상사,,,,,,,08/12,,"CO2 (kg, Bulk)",,,,0,,"21,546",250,"5,386,500","538,650","5,925,150",0,,"5,925,150",,,,
,,,,,,거래처별 합계,,,,,,0,,,"232,028",,"58,007,000","5,800,700","63,807,700","71,256,174",,"175,872,125",,,,
보성엔지니어링(구.신세계),,,,,,,,,[이월미수액],,,,,,,,,,,,"6,196,023","6,196,023",,,,
보성엔지니어링(구.신세계),,,,,,,08/01,,입금 (가스매출),,,,0,,0,0,0,0,0,"2,196,023",,"-2,196,023",제이피에스테크 입금,,,
,,,,,,거래처별 합계,,,,,,0,,,0,,0,0,0,"2,196,023",,"4,000,000",,,,
부경가스텍,,,,,,,,,[이월미수액],,,,,,,,,,,,"9,429,251","9,429,251",,,,
부경가스텍,,,,,,,08/03,,"N2 (kg, Bulk)",,,,0,,"7,385",188,"1,388,380","138,838","1,527,218",0,,"1,527,218",부경열처리,,,
부경가스텍,,,,,,,08/10,,입금 (가스매출),,,,0,,0,0,0,0,0,"4,730,343",,"-4,730,343",6월 거래분,,,
부경가스텍,,,,,,,08/12,,"N2 (kg, Bulk)",,,,0,,"8,224",188,"1,546,112","154,611","1,700,723",0,,"1,700,723",부경열처리,,,
,,,,,,거래처별 합계,,,,,,0,,,"15,609",,"2,934,492","293,449","3,227,941","4,730,343",,"7,926,849",,,,
부림가스,,,,,,,,,[이월미수액],,,,,,,,,,,,"3,223,000","3,223,000",,,,
부림가스,,,,,,,08/04,,"Ar (UHP, 47L, 99.999%)",,,,10,,10,"24,600","246,000","24,600","270,600",0,,"270,600",,,,
부림가스,,,,,,,08/10,,"Ar (UHP, 47L, 99.999%)",,,,11,,10,"24,600","246,000","24,600","270,600",0,,"270,600",,,,
부림가스,,,,,,,08/10,,"He (UHP, 47L, 99.999%)",,,,1,,0,"320,000",0,0,0,0,,0,,,,
부림가스,,,,,,,08/12,,입금 (가스매출),,,,0,,0,0,0,0,0,"561,110",,"-561,110",,,,
부림가스,,,,,,,08/12,,입금 (용기검사),,,,0,,0,0,0,0,0,"341,110",,"-341,110",,,,
부림가스,,,,,,,08/12,,입금 (용기검사),,,,0,,0,0,0,0,0,"377,520",,"-377,520",,,,
,,,,,,거래처별 합계,,,,,,22,,,20,,"492,000","49,200","541,200","1,279,740",,"2,484,460",,,,
부성스틸,,,,,,,,,[이월미수액],,,,,,,,,,,,"2,796,536","2,796,536",,,,
,,,,,,거래처별 합계,,,,,,0,,,0,,0,0,0,0,,"2,796,536",,,,
비엘티(구.에스앤케이),,,,,,,,,[이월미수액],,,,,,,,,,,,"4,157,703","4,157,703",,,,
비엘티(구.에스앤케이),,,,,,,08/03,,입금 (가스매출),,,,0,,0,0,0,0,0,"4,157,703",,"-4,157,703",7월 거래분,,,
비엘티(구.에스앤케이),,,,,,,08/06,,"N2 (kg, Bulk)",,,,0,,"2,350",170,"399,500","39,950","439,450",0,,"439,450",,,,
비엘티(구.에스앤케이),,,,,,,08/07,,"CO2 (공업용, 40kg)",,,,5,,5,"22,000","110,000","11,000","121,000",0,,"121,000",,,,
비엘티(구.에스앤케이),,,,,,,08/07,,"O2 (LGC, 175L) ",,,,1,,1,"40,000","40,000","4,000","44,000",0,,"44,000",,,,
비엘티(구.에스앤케이),,,,,,,08/10,,"Ar (LGC, 175L)",,,,2,,2,"100,000","200,000","20,000","220,000",0,,"220,000",,,,
,,,,,,거래처별 합계,,,,,,8,,,"2,358",,"749,500","74,950","824,450","4,157,703",,"824,450",,,,
삼보동양,,,,,,,,,[이월미수액],,,,,,,,,,,,"4,930,310","4,930,310",,,,
삼보동양,,,,,,,08/05,,Ar (일반),,,,6,,6,"14,900","89,400","8,940","98,340",0,,"98,340",,,,
삼보동양,,,,,,,08/05,,"CO2 (공업용, 40kg)",,,,6,,6,"24,000","144,000","14,400","158,400",0,,"158,400",,,,
삼보동양,,,,,,,08/07,,Ar (일반),,,,2,,2,"14,900","29,800","2,980","32,780",0,,"32,780",,,,
삼보동양,,,,,,,08/07,,"CO2 (공업용, 20kg)",,,,3,,3,"12,000","36,000","3,600","39,600",0,,"39,600",,,,
삼보동양,,,,,,,08/07,,"CO2 (공업용, 40kg)",,,,6,,6,"24,000","144,000","14,400","158,400",0,,"158,400",,,,
삼보동양,,,,,,,08/12,,Ar (일반),,,,5,,5,"14,900","74,500","7,450","81,950",0,,"81,950",,,,
삼보동양,,,,,,,08/12,,"CO2 (공업용, 20kg)",,,,6,,6,"12,000","72,000","7,200","79,200",0,,"79,200",,,,
삼보동양,,,,,,,08/12,,"CO2 (공업용, 40kg)",,,,4,,4,"24,000","96,000","9,600","105,600",0,,"105,600",,,,
,,,,,,거래처별 합계,,,,,,38,,,38,,"685,700","68,570","754,270",0,,"5,684,580",,,,
삼성가스,,,,,,,,,[이월미수액],,,,,,,,,,,,"11,409,127","11,409,127",,,,
삼성가스,,,,,,,08/10,,입금 (가스매출),,,,0,,0,0,0,0,0,"11,409,127",,"-11,409,127",7월 거래분,,,
삼성가스,,,,,,,08/12,,"CO2 (kg, Bulk)",,,,0,,"9,762",280,"2,733,360","273,336","3,006,696",0,,"3,006,696",,,,
삼성가스,,,,,,,08/12,,"O2 (kg, Bulk)",,,,0,,"8,100",165,"1,336,500","133,650","1,470,150",0,,"1,470,150",,,,
,,,,,,거래처별 합계,,,,,,0,,,"17,862",,"4,069,860","406,986","4,476,846","11,409,127",,"4,476,846",,,,
삼정가스공업,,,,,,,,,[이월미수액],,,,,,,,,,,,"19,246,920","19,246,920",,,,
삼정가스공업,,,,,,,08/06,,"CO2 (kg, Bulk)",,,,0,,"20,690",280,"5,793,200","579,320","6,372,520",0,,"6,372,520",공주,,,
삼정가스공업,,,,,,,08/12,,"CO2 (kg, Bulk)",,,,0,,"21,290",280,"5,961,200","596,120","6,557,320",0,,"6,557,320",,,,
,,,,,,거래처별 합계,,,,,,0,,,"41,980",,"11,754,400","1,175,440","12,929,840",0,,"32,176,760",,,,
서원플랜트(태성이엔지),,,,,,,,,[이월미수액],,,,,,,,,,,,"2,319,310","2,319,310",,,,
,,,,,,거래처별 합계,,,,,,0,,,0,,0,0,0,0,,"2,319,310",,,,
세광산업1공장,,,,,,,,,[이월미수액],,,,,,,,,,,,"1,133,000","1,133,000",,,,
세광산업1공장,,,,,,,08/05,,Ar (일반),,,,4,,4,"29,000","116,000","11,600","127,600",0,,"127,600",,,,
세광산업1공장,,,,,,,08/10,,Ar (일반),,,,6,,6,"29,000","174,000","17,400","191,400",0,,"191,400",,,,
세광산업1공장,,,,,,,08/12,,Ar (일반),,,,6,,6,"29,000","174,000","17,400","191,400",0,,"191,400",,,,
세광산업1공장,,,,,,,08/12,,"CO2 (공업용, 40kg)",,,,1,,1,"35,000","35,000","3,500","38,500",0,,"38,500",,,,
,,,,,,거래처별 합계,,,,,,17,,,17,,"499,000","49,900","548,900",0,,"1,681,900",,,,
세종산업가스,,,,,,,,,[이월미수액],,,,,,,,,,,,"34,336,235","34,336,235",,,,
세종산업가스,,,,,,,08/03,,"N2 (kg, Bulk)",,,,0,,"4,600",202,"929,200","92,920","1,022,120",0,,"1,022,120",SPC,,,
세종산업가스,,,,,,,08/04,,"N2 (kg, Bulk)",,,,0,,"3,370",202,"680,740","68,074","748,814",0,,"748,814",SPC,,,
세종산업가스,,,,,,,08/05,,"CO2 (kg, Bulk)",,,,0,,"5,313",320,"1,700,160","170,016","1,870,176",0,,"1,870,176",상일테크,,,
세종산업가스,,,,,,,08/05,,"CO2 (kg, Bulk)",,,,0,,"3,120",320,"998,400","99,840","1,098,240",0,,"1,098,240",경원정밀,,,
세종산업가스,,,,,,,08/05,,"CO2 (kg, Bulk)",,,,0,,"7,131",280,"1,996,680","199,668","2,196,348",0,,"2,196,348",세종가스켐,,,
세종산업가스,,,,,,,08/05,,"N2 (kg, Bulk)",,,,0,,"1,400",202,"282,800","28,280","311,080",0,,"311,080",SPC,,,
세종산업가스,,,,,,,08/10,,"N2 (kg, Bulk)",,,,0,,"3,700",202,"747,400","74,740","822,140",0,,"822,140",SPC,,,
세종산업가스,,,,,,,08/11,,"N2 (kg, Bulk)",,,,0,,"6,638",202,"1,340,876","134,088","1,474,964",0,,"1,474,964",SPC,,,
세종산업가스,,,,,,,08/12,,입금 (가스매출),,,,0,,0,0,0,0,0,"34,336,236",,"-34,336,236",7월 거래분,,,
,,,,,,거래처별 합계,,,,,,0,,,"35,272",,"8,676,256","867,626","9,543,882","34,336,236",,"9,543,881",,,,
세진가스A,,,,,,,,,[이월미수액],,,,,,,,,,,,"5,922,400","5,922,400",,,,
,,,,,,거래처별 합계,,,,,,0,,,0,,0,0,0,0,,"5,922,400",,,,
세진가스텍(매크로드)구.태경,,,,,,,,,[이월미수액],,,,,,,,,,,,"143,000","143,000",,,,
,,,,,,거래처별 합계,,,,,,0,,,0,,0,0,0,0,,"143,000",,,,
세진가스텍(명성중공업),,,,,,,,,[이월미수액],,,,,,,,,,,,"2,246,772","2,246,772",,,,
세진가스텍(명성중공업),,,,,,,08/06,,"CO2 (공업용, 40kg)",,,,3,,3,"16,800","50,400","5,040","55,440",0,,"55,440",,,,
세진가스텍(명성중공업),,,,,,,08/06,,"O2 (LGC, 175L, 고압용)",,,,2,,2,"58,500","117,000","11,700","128,700",0,,"128,700",,,,
,,,,,,거래처별 합계,,,,,,5,,,5,,"167,400","16,740","184,140",0,,"2,430,912",,,,
세진가스텍(성호에스엔비),,,,,,,,,[이월미수액],,,,,,,,,,,,"-20,787","-20,787",,,,
,,,,,,거래처별 합계,,,,,,0,,,0,,0,0,0,0,,"-20,787",,,,
세진가스텍(세양H&S),,,,,,,,,[이월미수액],,,,,,,,,,,,"2,529,560","2,529,560",,,,
세진가스텍(세양H&S),,,,,,,08/07,,Ar (일반),,,,3,,3,"19,200","57,600","5,760","63,360",0,,"63,360",,,,
세진가스텍(세양H&S),,,,,,,08/07,,"CO2 (공업용, 20kg)",,,,2,,2,"8,900","17,800","1,780","19,580",0,,"19,580",,,,
세진가스텍(세양H&S),,,,,,,08/07,,"O2 (LGC, 175L) ",,,,0,,1,"58,500","58,500","5,850","64,350",0,,"64,350",,,,
세진가스텍(세양H&S),,,,,,,08/07,,"O2 (LGC, 175L, 고압용)",,,,1,,0,"58,500",0,0,0,0,,0,,,,
세진가스텍(세양H&S),,,,,,,08/10,,Ar (일반),,,,3,,3,"19,200","57,600","5,760","63,360",0,,"63,360",,,,
세진가스텍(세양H&S),,,,,,,08/10,,"O2 (LGC, 175L, 고압용)",,,,1,,1,"58,500","58,500","5,850","64,350",0,,"64,350",,,,
세진가스텍(세양H&S),,,,,,,08/12,,Ar (일반),,,,4,,4,"19,200","76,800","7,680","84,480",0,,"84,480",,,,
,,,,,,거래처별 합계,,,,,,14,,,14,,"326,800","32,680","359,480",0,,"2,889,040",,,,
세진가스텍(세종기공),,,,,,,,,[이월미수액],,,,,,,,,,,,"180,180","180,180",,,,
,,,,,,거래처별 합계,,,,,,0,,,0,,0,0,0,0,,"180,180",,,,
승우산업,,,,,,,,,[이월미수액],,,,,,,,,,,,"4,736,160","4,736,160",,,,
승우산업,,,,,,,08/03,,입금 (가스매출),,,,0,,0,0,0,0,0,"2,205,500",,"-2,205,500",6월 거래분,,,
승우산업,,,,,,,08/04,,Ar (일반),,,,1,,1,"27,000","27,000","2,700","29,700",0,,"29,700",,,,
승우산업,,,,,,,08/04,,"O2 (LGC, 175L) ",,,,1,,0,"80,000",0,0,0,0,,0,,,,
승우산업,,,,,,,08/04,,"O2 (LGC, 175L, 고압용)",,,,0,,1,"80,000","80,000","8,000","88,000",0,,"88,000",,,,
,,,,,,거래처별 합계,,,,,,2,,,2,,"107,000","10,700","117,700","2,205,500",,"2,648,360",,,,
신아기계,,,,,,,,,[이월미수액],,,,,,,,,,,,"1,013,540","1,013,540",,,,
신아기계,,,,,,,08/04,,Ar (일반),,,,1,,1,"30,000","30,000","3,000","33,000",0,,"33,000",,,,
신아기계,,,,,,,08/07,,LPG (20kg),,,,1,,1,"55,000","55,000","5,500","60,500",0,,"60,500",,,,
,,,,,,거래처별 합계,,,,,,2,,,2,,"85,000","8,500","93,500",0,,"1,107,040",,,,
씨에스가스텍,,,,,,,,,[이월미수액],,,,,,,,,,,,"19,777,450","19,777,450",,,,
,,,,,,거래처별 합계,,,,,,0,,,0,,0,0,0,0,,"19,777,450",,,,
아이스푸드앤바인(구.바인컴퍼니),,,,,,,,,[이월미수액],,,,,,,,,,,,"241,989,550","241,989,550",,,,
아이스푸드앤바인(구.바인컴퍼니),,,,,,,08/01,,"CO2 (kg, Bulk)",,,,0,,"21,682",250,"5,420,500","542,050","5,962,550",0,,"5,962,550",,,,
아이스푸드앤바인(구.바인컴퍼니),,,,,,,08/01,,"CO2 (kg, Bulk)",,,,0,,"19,848",250,"4,962,000","496,200","5,458,200",0,,"5,458,200",,,,
아이스푸드앤바인(구.바인컴퍼니),,,,,,,08/02,,"CO2 (kg, Bulk)",,,,0,,"21,252",250,"5,313,000","531,300","5,844,300",0,,"5,844,300",,,,
아이스푸드앤바인(구.바인컴퍼니),,,,,,,08/03,,"CO2 (kg, Bulk)",,,,0,,"19,166",250,"4,791,500","479,150","5,270,650",0,,"5,270,650",,,,
아이스푸드앤바인(구.바인컴퍼니),,,,,,,08/03,,"CO2 (kg, Bulk)",,,,0,,"19,916",250,"4,979,000","497,900","5,476,900",0,,"5,476,900",,,,
아이스푸드앤바인(구.바인컴퍼니),,,,,,,08/04,,"CO2 (kg, Bulk)",,,,0,,"15,772",250,"3,943,000","394,300","4,337,300",0,,"4,337,300",,,,
아이스푸드앤바인(구.바인컴퍼니),,,,,,,08/04,,"CO2 (kg, Bulk)",,,,0,,"19,854",250,"4,963,500","496,350","5,459,850",0,,"5,459,850",,,,
아이스푸드앤바인(구.바인컴퍼니),,,,,,,08/05,,"CO2 (kg, Bulk)",,,,0,,"21,843",250,"5,460,750","546,075","6,006,825",0,,"6,006,825",,,,
아이스푸드앤바인(구.바인컴퍼니),,,,,,,08/06,,"CO2 (kg, Bulk)",,,,0,,"21,281",250,"5,320,250","532,025","5,852,275",0,,"5,852,275",,,,
아이스푸드앤바인(구.바인컴퍼니),,,,,,,08/06,,"CO2 (kg, Bulk)",,,,0,,"21,219",250,"5,304,750","530,475","5,835,225",0,,"5,835,225",,,,
아이스푸드앤바인(구.바인컴퍼니),,,,,,,08/06,,"CO2 (kg, Bulk)",,,,0,,"19,921",250,"4,980,250","498,025","5,478,275",0,,"5,478,275",,,,
아이스푸드앤바인(구.바인컴퍼니),,,,,,,08/06,,"CO2 (kg, Bulk)",,,,0,,"21,680",250,"5,420,000","542,000","5,962,000",0,,"5,962,000",,,,
아이스푸드앤바인(구.바인컴퍼니),,,,,,,08/07,,"CO2 (kg, Bulk)",,,,0,,"21,680",250,"5,420,000","542,000","5,962,000",0,,"5,962,000",,,,
아이스푸드앤바인(구.바인컴퍼니),,,,,,,08/07,,"CO2 (kg, Bulk)",,,,0,,"21,118",250,"5,279,500","527,950","5,807,450",0,,"5,807,450",,,,
아이스푸드앤바인(구.바인컴퍼니),,,,,,,08/07,,"CO2 (kg, Bulk)",,,,0,,"21,780",250,"5,445,000","544,500","5,989,500",0,,"5,989,500",,,,
아이스푸드앤바인(구.바인컴퍼니),,,,,,,08/08,,"CO2 (kg, Bulk)",,,,0,,"21,407",250,"5,351,750","535,175","5,886,925",0,,"5,886,925",,,,
아이스푸드앤바인(구.바인컴퍼니),,,,,,,08/09,,"CO2 (kg, Bulk)",,,,0,,"21,435",250,"5,358,750","535,875","5,894,625",0,,"5,894,625",,,,
아이스푸드앤바인(구.바인컴퍼니),,,,,,,08/10,,입금 (가스매출),,,,0,,0,0,0,0,0,"241,989,550",,"-241,989,550",7월 거래분,,,
아이스푸드앤바인(구.바인컴퍼니),,,,,,,08/10,,"CO2 (kg, Bulk)",,,,0,,"19,000",250,"4,750,000","475,000","5,225,000",0,,"5,225,000",,,,
아이스푸드앤바인(구.바인컴퍼니),,,,,,,08/10,,"CO2 (kg, Bulk)",,,,0,,"20,053",250,"5,013,250","501,325","5,514,575",0,,"5,514,575",,,,
아이스푸드앤바인(구.바인컴퍼니),,,,,,,08/12,,"CO2 (kg, Bulk)",,,,0,,"21,061",250,"5,265,250","526,525","5,791,775",0,,"5,791,775",,,,
아이스푸드앤바인(구.바인컴퍼니),,,,,,,08/12,,"CO2 (kg, Bulk)",,,,0,,"17,300",250,"4,325,000","432,500","4,757,500",0,,"4,757,500",,,,
,,,,,,거래처별 합계,,,,,,0,,,"428,268",,"107,067,000","10,706,700","117,773,700","241,989,550",,"117,773,700",,,,
에니스,,,,,,,,,[이월미수액],,,,,,,,,,,,"145,227,225","145,227,225",,,,
에니스,,,,,,,08/03,,"CO2 (kg, Bulk)",,,,0,,"21,095",250,"5,273,750","527,375","5,801,125",0,,"5,801,125",,,,
에니스,,,,,,,08/03,,"CO2 (kg, Bulk)",,,,0,,"21,620",250,"5,405,000","540,500","5,945,500",0,,"5,945,500",,,,
에니스,,,,,,,08/05,,"CO2 (kg, Bulk)",,,,0,,"19,915",250,"4,978,750","497,875","5,476,625",0,,"5,476,625",,,,
에니스,,,,,,,08/07,,"CO2 (kg, Bulk)",,,,0,,"21,775",250,"5,443,750","544,375","5,988,125",0,,"5,988,125",,,,
에니스,,,,,,,08/10,,"CO2 (kg, Bulk)",,,,0,,"21,061",250,"5,265,250","526,525","5,791,775",0,,"5,791,775",,,,
에니스,,,,,,,08/11,,"CO2 (kg, Bulk)",,,,0,,"19,908",250,"4,977,000","497,700","5,474,700",0,,"5,474,700",,,,
에니스,,,,,,,08/12,,"CO2 (kg, Bulk)",,,,0,,"19,961",250,"4,990,250","499,025","5,489,275",0,,"5,489,275",,,,
에니스,,,,,,,08/12,,"CO2 (kg, Bulk)",,,,0,,"21,740",250,"5,435,000","543,500","5,978,500",0,,"5,978,500",,,,
,,,,,,거래처별 합계,,,,,,0,,,"167,075",,"41,768,750","4,176,875","45,945,625",0,,"191,172,850",,,,
에스앤디 주식회사,,,,,,,,,[이월미수액],,,,,,,,,,,,"9,919,305","9,919,305",,,,
,,,,,,거래처별 합계,,,,,,0,,,0,,0,0,0,0,,"9,919,305",,,,
에스앤케이.,,,,,,,,,[이월미수액],,,,,,,,,,,,"8,667,373","8,667,373",,,,
에스앤케이.,,,,,,,08/03,,입금 (가스매출),,,,0,,0,0,0,0,0,"8,667,373",,"-8,667,373",7월 거래분,,,
,,,,,,거래처별 합계,,,,,,0,,,0,,0,0,0,"8,667,373",,0,,,,
에어퍼스트,,,,,,,,,[이월미수액],,,,,,,,,,,,"21,629,916","21,629,916",,,,
,,,,,,거래처별 합계,,,,,,0,,,0,,0,0,0,0,,"21,629,916",,,,
에이원의료기산업,,,,,,,,,[이월미수액],,,,,,,,,,,,"2,032,800","2,032,800",,,,
에이원의료기산업,,,,,,,08/11,,Ar (일반),,,,1,,1,"43,000","43,000","4,300","47,300",0,,"47,300",,,,
에이원의료기산업,,,,,,,08/11,,"CO2 (공업용, 40kg)",,,,7,,6,"43,000","258,000","25,800","283,800",0,,"283,800",,,,
,,,,,,거래처별 합계,,,,,,8,,,7,,"301,000","30,100","331,100",0,,"2,363,900",,,,
에이치엘비생명과학,,,,,,,,,[이월미수액],,,,,,,,,,,,"33,924,000","33,924,000",,,,
,,,,,,거래처별 합계,,,,,,0,,,0,,0,0,0,0,,"33,924,000",,,,
에이치이엠씨,,,,,,,,,[이월미수액],,,,,,,,,,,,"2,079,000","2,079,000",,,,
에이치이엠씨,,,,,,,08/07,,"N2 (UHP, 99.999%)",,,,3,,3,"80,000","240,000","24,000","264,000",0,,"264,000",,,,
,,,,,,거래처별 합계,,,,,,3,,,3,,"240,000","24,000","264,000",0,,"2,343,000",,,,
엔케이철강,,,,,,,,,[이월미수액],,,,,,,,,,,,"771,100","771,100",,,,
엔케이철강,,,,,,,08/10,,"O2 (kg, Bulk)",,,,0,,"3,045",200,"609,000","60,900","669,900",0,,"669,900",,,,
,,,,,,거래처별 합계,,,,,,0,,,"3,045",,"609,000","60,900","669,900",0,,"1,441,000",,,,
엔투,,,,,,,,,[이월미수액],,,,,,,,,,,,"158,620","158,620",,,,
엔투,,,,,,,08/03,,Ar (일반),,,,3,,3,"16,600","49,800","4,980","54,780",0,,"54,780",,,,
엔투,,,,,,,08/04,,입금 (가스매출),,,,0,,0,0,0,0,0,"158,620",,"-158,620",7월 거래분,,,
,,,,,,거래처별 합계,,,,,,3,,,3,,"49,800","4,980","54,780","158,620",,"54,780",,,,
엔티에스(김포),,,,,,,,,[이월미수액],,,,,,,,,,,,"623,700","623,700",,,,
,,,,,,거래처별 합계,,,,,,0,,,0,,0,0,0,0,,"623,700",,,,
엘에스와이산업가스,,,,,,,,,[이월미수액],,,,,,,,,,,,"188,546,182","188,546,182",,,,
엘에스와이산업가스,,,,,,,08/04,,"O2 (kg, Bulk)",,,,0,,"10,330",155,"1,601,150","160,115","1,761,265",0,,"1,761,265",,,,
엘에스와이산업가스,,,,,,,08/05,,"CO2 (kg, Bulk)",,,,0,,"21,550",250,"5,387,500","538,750","5,926,250",0,,"5,926,250",,,,
엘에스와이산업가스,,,,,,,08/05,,"N2 (kg, Bulk)",,,,0,,"10,000",160,"1,600,000","160,000","1,760,000",0,,"1,760,000",,,,
엘에스와이산업가스,,,,,,,08/07,,"O2 (kg, Bulk)",,,,0,,"11,201",155,"1,736,155","173,616","1,909,771",0,,"1,909,771",,,,
엘에스와이산업가스,,,,,,,08/11,,"O2 (kg, Bulk)",,,,0,,"10,491",155,"1,626,105","162,611","1,788,716",0,,"1,788,716",,,,
엘에스와이산업가스,,,,,,,08/12,,"N2 (kg, Bulk)",,,,0,,"9,500",160,"1,520,000","152,000","1,672,000",0,,"1,672,000",,,,
,,,,,,거래처별 합계,,,,,,0,,,"73,072",,"13,470,910","1,347,091","14,818,001",0,,"203,364,183",,,,
엠에스동민특수가스,,,,,,,,,[이월미수액],,,,,,,,,,,,"5,167,517","5,167,517",,,,
엠에스동민특수가스,,,,,,,08/03,,"N2 (kg, Bulk)",,,,0,,"4,530",222,"1,005,660","100,566","1,106,226",0,,"1,106,226",제우스-마도,,,
엠에스동민특수가스,,,,,,,08/07,,"N2 (kg, Bulk)",,,,0,,"3,300",222,"732,600","73,260","805,860",0,,"805,860",제우스-마도,,,
엠에스동민특수가스,,,,,,,08/10,,"N2 (kg, Bulk)",,,,0,,"3,250",222,"721,500","72,150","793,650",0,,"793,650",제우스-안녕,,,
,,,,,,거래처별 합계,,,,,,0,,,"11,080",,"2,459,760","245,976","2,705,736",0,,"7,873,253",,,,
엠제이쿼츠,,,,,,,,,[이월미수액],,,,,,,,,,,,"4,629,240","4,629,240",,,,
,,,,,,거래처별 합계,,,,,,0,,,0,,0,0,0,0,,"4,629,240",,,,
영신방재,,,,,,,,,[이월미수액],,,,,,,,,,,,"6,174,740","6,174,740",,,,
영신방재,,,,,,,08/03,,Ar (일반),,,,1,,0,"29,900",0,0,0,0,,0,,,,
영신방재,,,,,,,08/03,,"O2 (공업용, 40L)",,,,0,,1,"11,000","11,000","1,100","12,100",0,,"12,100",,,,
영신방재,,,,,,,08/05,,입금 (가스매출),,,,0,,0,0,0,0,0,"1,588,070",,"-1,588,070",5월 거래분,,,
,,,,,,거래처별 합계,,,,,,1,,,1,,"11,000","1,100","12,100","1,588,070",,"4,598,770",,,,
영신에프엔씨,,,,,,,,,[이월미수액],,,,,,,,,,,,"5,516,500","5,516,500",,,,
영신에프엔씨,,,,,,,08/10,,입금 (가스매출),,,,0,,0,0,0,0,0,"1,720,620",,"-1,720,620",5월 거래분,,,
영신에프엔씨,,,,,,,08/10,,"N2 (kg, Bulk)",,,,0,,"4,100",300,"1,230,000","123,000","1,353,000",0,,"1,353,000",,,,
,,,,,,거래처별 합계,,,,,,0,,,"4,100",,"1,230,000","123,000","1,353,000","1,720,620",,"5,148,880",,,,
영신코아스,,,,,,,,,[이월미수액],,,,,,,,,,,,"3,302,640","3,302,640",,,,
영신코아스,,,,,,,08/05,,Ar (일반),,,,3,,3,"24,700","74,100","7,410","81,510",0,,"81,510",,,,
영신코아스,,,,,,,08/05,,"CO2 (공업용, 40kg)",,,,1,,1,"21,400","21,400","2,140","23,540",0,,"23,540",,,,
영신코아스,,,,,,,08/05,,"N2 (LGC, 175L, 고압용)",,,,3,,2,"53,500","107,000","10,700","117,700",0,,"117,700",,,,
영신코아스,,,,,,,08/10,,입금 (가스매출),,,,0,,0,0,0,0,0,"814,990",,"-814,990",5월 거래분,,,
영신코아스,,,,,,,08/10,,Ar (일반),,,,3,,3,"24,700","74,100","7,410","81,510",0,,"81,510",,,,
영신코아스,,,,,,,08/10,,"N2 (LGC, 175L, 고압용)",,,,1,,2,"53,500","107,000","10,700","117,700",0,,"117,700",,,,
,,,,,,거래처별 합계,,,,,,11,,,11,,"383,600","38,360","421,960","814,990",,"2,909,610",,,,
예성이엔지(아산),,,,,,,,,[이월미수액],,,,,,,,,,,,"4,432,725","4,432,725",,,,
,,,,,,거래처별 합계,,,,,,0,,,0,,0,0,0,0,,"4,432,725",,,,
용역운송(OB맥주-신비오),,,,,,,,,[이월미수액],,,,,,,,,,,,"2,833,380","2,833,380",,,,
용역운송(OB맥주-신비오),,,,,,,08/04,,운송비 (운반비 CO2),,,,0,,"21,900",60,"1,314,000","131,400","1,445,400",0,,"1,445,400","21,890kg-OB이천",,,
용역운송(OB맥주-신비오),,,,,,,08/05,,운송비 (운반비 CO2),,,,0,,"21,370",60,"1,282,200","128,220","1,410,420",0,,"1,410,420","20,950kg-OB 이천",,,
,,,,,,거래처별 합계,,,,,,0,,,"43,270",,"2,596,200","259,620","2,855,820",0,,"5,689,200",,,,
용역운송(쿠팡-신비오케미컬),,,,,,,08/07,,운송비 (운반비 CO2),,,,0,,"20,790",0,0,0,0,0,,0,"쿠팡(20,880kg)",,,
용역운송(쿠팡-신비오케미컬),,,,,,,08/08,,운송비 (운반비 CO2),,,,0,,"20,750",0,0,0,0,0,,0,"쿠팡(21,110kg)",,,
용역운송(쿠팡-신비오케미컬),,,,,,,08/08,,운송비 (운반비 CO2),,,,0,,"21,020",0,0,0,0,0,,0,"쿠팡(21,410kg)",,,
용역운송(쿠팡-신비오케미컬),,,,,,,08/09,,운송비 (운반비 CO2),,,,0,,"21,600",0,0,0,0,0,,0,"쿠팡(21,950kg)",,,
용역운송(쿠팡-신비오케미컬),,,,,,,08/10,,운송비 (운반비 CO2),,,,0,,"20,620",0,0,0,0,0,,0,"쿠팡(20,650kg)",,,
용역운송(쿠팡-신비오케미컬),,,,,,,08/11,,운송비 (운반비 CO2),,,,0,,"21,160",0,0,0,0,0,,0,"쿠팡(21,580kg)",,,
,,,,,,거래처별 합계,,,,,,0,,,"125,940",,0,0,0,0,,0,,,,
우창산업건설(주),,,,,,,,,[이월미수액],,,,,,,,,,,,"7,953,616","7,953,616",,,,
우창산업건설(주),,,,,,,08/05,,"CO2 (공업용, 40kg)",,,,10,,10,"30,360","303,600","30,360","333,960",0,,"333,960",,,,
우창산업건설(주),,,,,,,08/05,,"O2 (공업용, 40L)",,,,7,,11,"7,500","82,500","8,250","90,750",0,,"90,750",,,,
우창산업건설(주),,,,,,,08/10,,"CO2 (공업용, 40kg)",,,,10,,10,"30,360","303,600","30,360","333,960",0,,"333,960",,,,
우창산업건설(주),,,,,,,08/10,,"O2 (공업용, 40L)",,,,4,,5,"7,500","37,500","3,750","41,250",0,,"41,250",,,,
,,,,,,거래처별 합계,,,,,,31,,,36,,"727,200","72,720","799,920",0,,"8,753,536",,,,
원이엔지,,,,,,,,,[이월미수액],,,,,,,,,,,,"2,818,050","2,818,050",,,,
원이엔지,,,,,,,08/03,,"CO2 (공업용, 40kg)",,,,4,,4,"35,000","140,000","14,000","154,000",0,,"154,000",,,,
원이엔지,,,,,,,08/03,,"O2 (공업용, 40L)",,,,1,,1,"15,000","15,000","1,500","16,500",0,,"16,500",,,,
원이엔지,,,,,,,08/05,,Ar (일반),,,,1,,1,"28,000","28,000","2,800","30,800",0,,"30,800",,,,
원이엔지,,,,,,,08/05,,"CO2 (공업용, 40kg)",,,,2,,2,"35,000","70,000","7,000","77,000",0,,"77,000",,,,
원이엔지,,,,,,,08/10,,Ar (일반),,,,2,,2,"28,000","56,000","5,600","61,600",0,,"61,600",,,,
원이엔지,,,,,,,08/10,,"CO2 (공업용, 40kg)",,,,2,,2,"35,000","70,000","7,000","77,000",0,,"77,000",,,,
원이엔지,,,,,,,08/10,,"O2 (공업용, 40L)",,,,2,,2,"15,000","30,000","3,000","33,000",0,,"33,000",,,,
원이엔지,,,,,,,08/12,,"CO2 (공업용, 40kg)",,,,2,,2,"35,000","70,000","7,000","77,000",0,,"77,000",,,,
,,,,,,거래처별 합계,,,,,,16,,,16,,"479,000","47,900","526,900",0,,"3,344,950",,,,
위드산업조명,,,,,,,,,[이월미수액],,,,,,,,,,,,"619,300","619,300",,,,
위드산업조명,,,,,,,08/11,,Mix (CO2 20% + Ar Bal),,,,2,,2,"24,000","48,000","4,800","52,800",0,,"52,800",,,,
,,,,,,거래처별 합계,,,,,,2,,,2,,"48,000","4,800","52,800",0,,"672,100",,,,
유니온가스,,,,,,,,,[이월미수액],,,,,,,,,,,,"10,343,498","10,343,498",,,,
유니온가스,,,,,,,08/10,,입금 (가스매출),,,,0,,0,0,0,0,0,"10,343,498",,"-10,343,498",7월 거래분,,,
,,,,,,거래처별 합계,,,,,,0,,,0,,0,0,0,"10,343,498",,0,,,,
유엔씨테크,,,,,,,,,[이월미수액],,,,,,,,,,,,"7,602,095","7,602,095",,,,
유엔씨테크,,,,,,,08/03,,Ar (일반),,,,4,,4,"23,100","92,400","9,240","101,640",0,,"101,640",,,,
유엔씨테크,,,,,,,08/03,,Mix (H2 5% + N2 Bal),,,,6,,0,"16,500",0,0,0,0,,0,,,,
유엔씨테크,,,,,,,08/03,,"O2 (공업용, 40L)",,,,3,,3,"12,705","38,115","3,812","41,927",0,,"41,927",,,,
유엔씨테크,,,,,,,08/05,,Ar (일반),,,,3,,3,"23,100","69,300","6,930","76,230",0,,"76,230",,,,
유엔씨테크,,,,,,,08/05,,"Ar (LGC, 175L)",,,,1,,1,"242,550","242,550","24,255","266,805",0,,"266,805",,,,
유엔씨테크,,,,,,,08/05,,Mix (H2 5% + N2 Bal),,,,2,,16,"16,500","264,000","26,400","290,400",0,,"290,400",,,,
유엔씨테크,,,,,,,08/05,,"O2 (공업용, 40L)",,,,1,,1,"12,705","12,705","1,271","13,976",0,,"13,976",,,,
유엔씨테크,,,,,,,08/07,,Ar (일반),,,,7,,7,"23,100","161,700","16,170","177,870",0,,"177,870",,,,
유엔씨테크,,,,,,,08/07,,Mix (H2 5% + N2 Bal),,,,5,,0,"16,500",0,0,0,0,,0,,,,
유엔씨테크,,,,,,,08/07,,"N2 (공업용, 40L)",,,,4,,4,"12,705","50,820","5,082","55,902",0,,"55,902",,,,
유엔씨테크,,,,,,,08/07,,"O2 (공업용, 40L)",,,,3,,3,"12,705","38,115","3,812","41,927",0,,"41,927",,,,
유엔씨테크,,,,,,,08/10,,Ar (일반),,,,4,,4,"23,100","92,400","9,240","101,640",0,,"101,640",,,,
유엔씨테크,,,,,,,08/10,,LPG (20kg),,,,1,,1,"55,000","55,000","5,500","60,500",0,,"60,500",,,,
유엔씨테크,,,,,,,08/10,,Mix (H2 5% + N2 Bal),,,,2,,0,"16,500",0,0,0,0,,0,,,,
유엔씨테크,,,,,,,08/10,,"N2 (공업용, 40L)",,,,3,,3,"12,705","38,115","3,812","41,927",0,,"41,927",,,,
유엔씨테크,,,,,,,08/10,,"O2 (공업용, 40L)",,,,1,,1,"12,705","12,705","1,271","13,976",0,,"13,976",,,,
유엔씨테크,,,,,,,08/12,,Ar (일반),,,,5,,5,"23,100","115,500","11,550","127,050",0,,"127,050",,,,
유엔씨테크,,,,,,,08/12,,"Ar (LGC, 175L)",,,,1,,1,"242,550","242,550","24,255","266,805",0,,"266,805",,,,
유엔씨테크,,,,,,,08/12,,"N2 (공업용, 40L)",,,,3,,3,"12,705","38,115","3,812","41,927",0,,"41,927",,,,
유엔씨테크,,,,,,,08/12,,"O2 (공업용, 40L)",,,,3,,3,"12,705","38,115","3,812","41,927",0,,"41,927",,,,
,,,,,,거래처별 합계,,,,,,62,,,63,,"1,602,205","160,221","1,762,426",0,,"9,364,521",,,,
유진화학(안중),,,,,,,,,[이월미수액],,,,,,,,,,,,"968,000","968,000",,,,
,,,,,,거래처별 합계,,,,,,0,,,0,,0,0,0,0,,"968,000",,,,
유한가스화학(주),,,,,,,,,[이월미수액],,,,,,,,,,,,"4,336,816","4,336,816",,,,
유한가스화학(주),,,,,,,08/07,,"N2 (kg, Bulk)",,,,0,,"7,040",160,"1,126,400","112,640","1,239,040",0,,"1,239,040",,,,
,,,,,,거래처별 합계,,,,,,0,,,"7,040",,"1,126,400","112,640","1,239,040",0,,"5,575,856",,,,
유한에프앤디(구.유한산업),,,,,,,,,[이월미수액],,,,,,,,,,,,"118,034,400","118,034,400",,,,
,,,,,,거래처별 합계,,,,,,0,,,0,,0,0,0,0,,"118,034,400",,,,
윤익스디티에스,,,,,,,,,[이월미수액],,,,,,,,,,,,"149,808,450","149,808,450",,,,
윤익스디티에스,,,,,,,08/02,,"CO2 (kg, Bulk)",,,,0,,"21,158",250,"5,289,500","528,950","5,818,450",0,,"5,818,450",,,,
윤익스디티에스,,,,,,,08/03,,"CO2 (kg, Bulk)",,,,0,,"21,116",250,"5,279,000","527,900","5,806,900",0,,"5,806,900",,,,
윤익스디티에스,,,,,,,08/04,,"CO2 (kg, Bulk)",,,,0,,"21,127",250,"5,281,750","528,175","5,809,925",0,,"5,809,925",,,,
윤익스디티에스,,,,,,,08/05,,"CO2 (kg, Bulk)",,,,0,,"21,780",250,"5,445,000","544,500","5,989,500",0,,"5,989,500",,,,
윤익스디티에스,,,,,,,08/06,,"CO2 (kg, Bulk)",,,,0,,"12,041",250,"3,010,250","301,025","3,311,275",0,,"3,311,275",,,,
윤익스디티에스,,,,,,,08/06,,"CO2 (kg, Bulk)",,,,0,,"21,215",250,"5,303,750","530,375","5,834,125",0,,"5,834,125",,,,
윤익스디티에스,,,,,,,08/07,,"CO2 (kg, Bulk)",,,,0,,"21,174",250,"5,293,500","529,350","5,822,850",0,,"5,822,850",,,,
윤익스디티에스,,,,,,,08/07,,"CO2 (kg, Bulk)",,,,0,,"17,715",250,"4,428,750","442,875","4,871,625",0,,"4,871,625",,,,
윤익스디티에스,,,,,,,08/09,,"CO2 (kg, Bulk)",,,,0,,"21,028",250,"5,257,000","525,700","5,782,700",0,,"5,782,700",,,,
윤익스디티에스,,,,,,,08/10,,"CO2 (kg, Bulk)",,,,0,,"21,674",250,"5,418,500","541,850","5,960,350",0,,"5,960,350",,,,
윤익스디티에스,,,,,,,08/11,,"CO2 (kg, Bulk)",,,,0,,"21,017",250,"5,254,250","525,425","5,779,675",0,,"5,779,675",,,,
,,,,,,거래처별 합계,,,,,,0,,,"221,045",,"55,261,250","5,526,125","60,787,375",0,,"210,595,825",,,,
일광잉크페인트,,,,,,,,,[이월미수액],,,,,,,,,,,,"3,100,570","3,100,570",,,,
일광잉크페인트,,,,,,,08/05,,"N2 (kg, Bulk)",,,,0,,"4,000",355,"1,420,000","142,000","1,562,000",0,,"1,562,000",,,,
,,,,,,거래처별 합계,,,,,,0,,,"4,000",,"1,420,000","142,000","1,562,000",0,,"4,662,570",,,,
일영랩,,,,,,,,,[이월미수액],,,,,,,,,,,,"1,641,000","1,641,000",,,,
,,,,,,거래처별 합계,,,,,,0,,,0,,0,0,0,0,,"1,641,000",,,,
재원인더스트리,,,,,,,,,[이월미수액],,,,,,,,,,,,"301,070","301,070",,,,
,,,,,,거래처별 합계,,,,,,0,,,0,,0,0,0,0,,"301,070",,,,
정도레이저,,,,,,,,,[이월미수액],,,,,,,,,,,,"975,381","975,381",,,,
,,,,,,거래처별 합계,,,,,,0,,,0,,0,0,0,0,,"975,381",,,,
정아유압,,,,,,,,,[이월미수액],,,,,,,,,,,,"1,870,110","1,870,110",,,,
정아유압,,,,,,,08/05,,입금 (가스매출),,,,0,,0,0,0,0,0,"1,022,230",,"-1,022,230",7월 거래분,,,
정아유압,,,,,,,08/10,,Ar (일반),,,,3,,3,"18,800","56,400","5,640","62,040",0,,"62,040",,,,
,,,,,,거래처별 합계,,,,,,3,,,3,,"56,400","5,640","62,040","1,022,230",,"909,920",,,,
제원산업,,,,,,,,,[이월미수액],,,,,,,,,,,,"6,774,570","6,774,570",,,,
제원산업,,,,,,,08/07,,"Ar (LGC, 175L)",,,,1,,1,"270,000","270,000","27,000","297,000",0,,"297,000",,,,
제원산업,,,,,,,08/10,,"Ar (LGC, 175L)",,,,1,,1,"270,000","270,000","27,000","297,000",0,,"297,000",,,,
제원산업,,,,,,,08/10,,"CO2 (공업용, 20kg)",,,,1,,1,"15,000","15,000","1,500","16,500",0,,"16,500",,,,
제원산업,,,,,,,08/10,,"CO2 (공업용, 40kg)",,,,2,,2,"30,000","60,000","6,000","66,000",0,,"66,000",,,,
,,,,,,거래처별 합계,,,,,,5,,,5,,"615,000","61,500","676,500",0,,"7,451,070",,,,
제이아이금속,,,,,,,08/05,,"Ar (kg, Bulk)",,,,0,,"9,750",0,0,0,0,0,,0,,,,
,,,,,,거래처별 합계,,,,,,0,,,"9,750",,0,0,0,0,,0,,,,
제이와이스틸,,,,,,,,,[이월미수액],,,,,,,,,,,,"1,619,887","1,619,887",,,,
제이와이스틸,,,,,,,08/10,,"O2 (kg, Bulk)",,,,0,,"3,432",385,"1,321,320","132,132","1,453,452",0,,"1,453,452",,,,
,,,,,,거래처별 합계,,,,,,0,,,"3,432",,"1,321,320","132,132","1,453,452",0,,"3,073,339",,,,
제이케이지산업가스(구.서진산업가스),,,,,,,,,[이월미수액],,,,,,,,,,,,"30,690,116","30,690,116",,,,
제이케이지산업가스(구.서진산업가스),,,,,,,08/04,,"O2 (kg, Bulk)",,,,0,,"14,374",165,"2,371,710","237,171","2,608,881",0,,"2,608,881",,,,
,,,,,,거래처별 합계,,,,,,0,,,"14,374",,"2,371,710","237,171","2,608,881",0,,"33,298,997",,,,
제티아,,,,,,,,,[이월미수액],,,,,,,,,,,,"1,463,000","1,463,000",,,,
제티아,,,,,,,08/11,,Ar (일반),,,,6,,6,"19,000","114,000","11,400","125,400",0,,"125,400",,,,
제티아,,,,,,,08/11,,Mix (H2 5% + Ar Bal),,,,4,,4,"19,000","76,000","7,600","83,600",0,,"83,600",,,,
,,,,,,거래처별 합계,,,,,,10,,,10,,"190,000","19,000","209,000",0,,"1,672,000",,,,
중원산업가스,,,,,,,,,[이월미수액],,,,,,,,,,,,"10,608,345","10,608,345",,,,
,,,,,,거래처별 합계,,,,,,0,,,0,,0,0,0,0,,"10,608,345",,,,
지앤티테크,,,,,,,,,[이월미수액],,,,,,,,,,,,"2,417,684","2,417,684",,,,
지앤티테크,,,,,,,08/10,,입금 (가스매출),,,,0,,0,0,0,0,0,"1,970,538",,"-1,970,538",7월 거래분,,,
,,,,,,거래처별 합계,,,,,,0,,,0,,0,0,0,"1,970,538",,"447,146",,,,
지엠레이저,,,,,,,,,[이월미수액],,,,,,,,,,,,"5,673,272","5,673,272",,,,
지엠레이저,,,,,,,08/05,,입금 (가스매출),,,,0,,0,0,0,0,0,"2,387,924",,"-2,387,924",6월 거래분,,,
,,,,,,거래처별 합계,,,,,,0,,,0,,0,0,0,"2,387,924",,"3,285,348",,,,
지윤주식회사,,,,,,,,,[이월미수액],,,,,,,,,,,,"7,296,003","7,296,003",,,,
지윤주식회사,,,,,,,08/03,,입금 (가스매출),,,,0,,0,0,0,0,0,"3,569,643",,"-3,569,643",6월 거래분,,,
지윤주식회사,,,,,,,08/06,,"CO2 (kg, Bulk)",,,,0,,"3,792",300,"1,137,600","113,760","1,251,360",0,,"1,251,360",,,,
,,,,,,거래처별 합계,,,,,,0,,,"3,792",,"1,137,600","113,760","1,251,360","3,569,643",,"4,977,720",,,,
지현이엔지,,,,,,,08/07,,"O2 (LGC, 175L) ",,,,0,,1,"84,000","84,000","8,400","92,400",0,,"92,400",,,,
지현이엔지,,,,,,,08/07,,"O2 (LGC, 175L, 고압용)",,,,1,,0,"84,000",0,0,0,0,,0,,,,
,,,,,,거래처별 합계,,,,,,1,,,1,,"84,000","8,400","92,400",0,,"92,400",,,,
진성테크원,,,,,,,,,[이월미수액],,,,,,,,,,,,"2,360,600","2,360,600",,,,
진성테크원,,,,,,,08/04,,"CO2 (공업용, 40kg)",,,,1,,0,"36,000",0,0,0,0,,0,,,,
진성테크원,,,,,,,08/04,,"O2 (LGC, 175L, 고압용)",,,,3,,3,"70,000","210,000","21,000","231,000",0,,"231,000",,,,
진성테크원,,,,,,,08/05,,입금 (가스매출),,,,0,,0,0,0,0,0,"1,700,600",,"-1,700,600",6월 거래분,,,
진성테크원,,,,,,,08/11,,"CO2 (공업용, 40kg)",,,,2,,2,"36,000","72,000","7,200","79,200",0,,"79,200",,,,
진성테크원,,,,,,,08/11,,"O2 (LGC, 175L) ",,,,1,,0,"70,000",0,0,0,0,,0,,,,
진성테크원,,,,,,,08/11,,"O2 (LGC, 175L, 고압용)",,,,0,,1,"70,000","70,000","7,000","77,000",0,,"77,000",,,,
,,,,,,거래처별 합계,,,,,,7,,,6,,"352,000","35,200","387,200","1,700,600",,"1,047,200",,,,
진양비지엠텍,,,,,,,,,[이월미수액],,,,,,,,,,,,"1,293,930","1,293,930",,,,
진양비지엠텍,,,,,,,08/04,,"CO2 (공업용, 40kg)",,,,5,,5,"41,000","205,000","20,500","225,500",0,,"225,500",,,,
진양비지엠텍,,,,,,,08/04,,"O2 (LGC, 175L) ",,,,1,,0,"116,500",0,0,0,0,,0,,,,
진양비지엠텍,,,,,,,08/04,,"O2 (LGC, 175L, 고압용)",,,,0,,1,"116,500","116,500","11,650","128,150",0,,"128,150",,,,
진양비지엠텍,,,,,,,08/11,,"CO2 (공업용, 40kg)",,,,2,,2,"41,000","82,000","8,200","90,200",0,,"90,200",,,,
,,,,,,거래처별 합계,,,,,,8,,,8,,"403,500","40,350","443,850",0,,"1,737,780",,,,
창신플라텍,,,,,,,08/04,,LPG (20kg),,,,2,,2,"50,000","100,000","10,000","110,000",0,,"110,000",,,,
,,,,,,거래처별 합계,,,,,,2,,,2,,"100,000","10,000","110,000",0,,"110,000",,,,
천보기계,,,,,,,,,[이월미수액],,,,,,,,,,,,"595,650","595,650",,,,
천보기계,,,,,,,08/04,,"CO2 (공업용, 40kg)",,,,2,,3,"36,000","108,000","10,800","118,800",0,,"118,800",,,,
천보기계,,,,,,,08/04,,"O2 (공업용, 40L)",,,,8,,10,"20,000","200,000","20,000","220,000",0,,"220,000",,,,
천보기계,,,,,,,08/04,,"O2 (LGC, 175L, 고압용)",,,,1,,1,"85,000","85,000","8,500","93,500",0,,"93,500",,,,
천보기계,,,,,,,08/10,,"CO2 (공업용, 40kg)",,,,4,,3,"36,000","108,000","10,800","118,800",0,,"118,800",,,,
,,,,,,거래처별 합계,,,,,,15,,,17,,"501,000","50,100","551,100",0,,"1,146,750",,,,
칠성가스,,,,,,,,,[이월미수액],,,,,,,,,,,,"2,204,600","2,204,600",,,,
칠성가스,,,,,,,08/10,,입금 (가스매출),,,,0,,0,0,0,0,0,"2,184,600",,"-2,184,600",7월 거래분,,,
,,,,,,거래처별 합계,,,,,,0,,,0,,0,0,0,"2,184,600",,"20,000",,,,
케이디피주식회사(구.한국다이아몬드),,,,,,,,,[이월미수액],,,,,,,,,,,,"34,533,510","34,533,510",,,,
케이디피주식회사(구.한국다이아몬드),,,,,,,08/10,,Ar (일반),,,,10,,10,"12,800","128,000","12,800","140,800",0,,"140,800",,,,
케이디피주식회사(구.한국다이아몬드),,,,,,,08/10,,Mix (O2 2% + Ar Bal),,,,9,,9,"12,800","115,200","11,520","126,720",0,,"126,720",,,,
케이디피주식회사(구.한국다이아몬드),,,,,,,08/11,,Ar (일반),,,,10,,10,"12,800","128,000","12,800","140,800",0,,"140,800",,,,
케이디피주식회사(구.한국다이아몬드),,,,,,,08/11,,"Ar (kg, Bulk)",,,,0,,"3,740",600,"2,244,000","224,400","2,468,400",0,,"2,468,400",,,,
케이디피주식회사(구.한국다이아몬드),,,,,,,08/11,,Mix (CO2 20% + Ar Bal),,,,2,,2,"12,800","25,600","2,560","28,160",0,,"28,160",,,,
케이디피주식회사(구.한국다이아몬드),,,,,,,08/11,,Mix (O2 2% + Ar Bal),,,,12,,12,"12,800","153,600","15,360","168,960",0,,"168,960",,,,
케이디피주식회사(구.한국다이아몬드),,,,,,,08/12,,Ar (일반),,,,8,,8,"12,800","102,400","10,240","112,640",0,,"112,640",,,,
케이디피주식회사(구.한국다이아몬드),,,,,,,08/12,,"H2 (일반, 용기)",,,,4,,4,"10,500","42,000","4,200","46,200",0,,"46,200",,,,
케이디피주식회사(구.한국다이아몬드),,,,,,,08/12,,Mix (CO2 20% + Ar Bal),,,,2,,2,"12,800","25,600","2,560","28,160",0,,"28,160",,,,
케이디피주식회사(구.한국다이아몬드),,,,,,,08/12,,Mix (O2 2% + Ar Bal),,,,13,,13,"12,800","166,400","16,640","183,040",0,,"183,040",,,,
,,,,,,거래처별 합계,,,,,,70,,,"3,810",,"3,130,800","313,080","3,443,880",0,,"37,977,390",,,,
케이엘텍,,,,,,,,,[이월미수액],,,,,,,,,,,,"267,300","267,300",,,,
케이엘텍,,,,,,,08/11,,입금 (가스매출),,,,0,,0,0,0,0,0,"41,800",,"-41,800",6월 거래분,,,
,,,,,,거래처별 합계,,,,,,0,,,0,,0,0,0,"41,800",,"225,500",,,,
코오롱글로벌,,,,,,,,,[이월미수액],,,,,,,,,,,,"5,181,440","5,181,440",,,,
코오롱글로벌,,,,,,,08/11,,"N2 (kg, Bulk)",,,,0,,"6,319",230,"1,453,370","145,337","1,598,707",0,,"1,598,707",,,,
,,,,,,거래처별 합계,,,,,,0,,,"6,319",,"1,453,370","145,337","1,598,707",0,,"6,780,147",,,,
코웨이엔텍,,,,,,,,,[이월미수액],,,,,,,,,,,,"92,400","92,400",,,,
코웨이엔텍,,,,,,,08/05,,Ar (일반),,,,0,,2,"28,000","56,000","5,600","61,600",0,,"61,600",,,,
코웨이엔텍,,,,,,,08/05,,"CO2 (공업용, 40kg)",,,,0,,1,"36,000","36,000","3,600","39,600",0,,"39,600",,,,
,,,,,,거래처별 합계,,,,,,0,,,3,,"92,000","9,200","101,200",0,,"193,600",,,,
큐에스아이,,,,,,,,,[이월미수액],,,,,,,,,,,,"29,508,600","29,508,600",,,,
큐에스아이,,,,,,,08/03,,"H2 (일반, 용기)",,,,24,,24,"13,000","312,000","31,200","343,200",0,,"343,200",,,,
큐에스아이,,,,,,,08/04,,"H2 (일반, 용기)",,,,24,,24,"13,000","312,000","31,200","343,200",0,,"343,200",,,,
큐에스아이,,,,,,,08/05,,"H2 (일반, 용기)",,,,24,,24,"13,000","312,000","31,200","343,200",0,,"343,200",,,,
큐에스아이,,,,,,,08/06,,"H2 (일반, 용기)",,,,24,,24,"13,000","312,000","31,200","343,200",0,,"343,200",,,,
큐에스아이,,,,,,,08/07,,"H2 (일반, 용기)",,,,24,,24,"13,000","312,000","31,200","343,200",0,,"343,200",,,,
큐에스아이,,,,,,,08/11,,"H2 (일반, 용기)",,,,48,,48,"13,000","624,000","62,400","686,400",0,,"686,400",,,,
큐에스아이,,,,,,,08/12,,입금 (가스매출),,,,0,,0,0,0,0,0,"7,560,000",,"-7,560,000",5월 거래분(공급가),,,
큐에스아이,,,,,,,08/12,,"H2 (일반, 용기)",,,,48,,48,"13,000","624,000","62,400","686,400",0,,"686,400",,,,
,,,,,,거래처별 합계,,,,,,216,,,216,,"2,808,000","280,800","3,088,800","7,560,000",,"25,037,400",,,,
태광기업,,,,,,,,,[이월미수액],,,,,,,,,,,,"8,712,281","8,712,281",,,,
태광기업,,,,,,,08/03,,Ar (일반),,,,3,,3,"26,755","80,265","8,027","88,292",0,,"88,292",,,,
태광기업,,,,,,,08/10,,Ar (일반),,,,5,,5,"26,755","133,775","13,378","147,153",0,,"147,153",,,,
태광기업,,,,,,,08/10,,Mix (CO2 20% + Ar Bal),,,,1,,1,"25,639","25,639","2,564","28,203",0,,"28,203",,,,
태광기업,,,,,,,08/11,,"N2 (liter, Bulk)",,,,0,,"5,448",354,"1,928,592","192,859","2,121,451",0,,"2,121,451","4,401kg",,,
태광기업,,,,,,,08/12,,Ar (일반),,,,2,,2,"26,755","53,510","5,351","58,861",0,,"58,861",,,,
,,,,,,거래처별 합계,,,,,,11,,,"5,459",,"2,221,781","222,178","2,443,959",0,,"11,156,240",,,,
태광산업가스,,,,,,,,,[이월미수액],,,,,,,,,,,,"41,406,300","41,406,300",,,,
태광산업가스,,,,,,,08/03,,"O2 (kg, Bulk)",,,,0,,"7,243",167,"1,209,581","120,958","1,330,539",0,,"1,330,539",영신쿼츠,,,
태광산업가스,,,,,,,08/05,,"O2 (kg, Bulk)",,,,0,,"16,791",167,"2,804,097","280,410","3,084,507",0,,"3,084,507",영신쿼츠,,,
태광산업가스,,,,,,,08/06,,"CO2 (kg, Bulk)",,,,0,,"9,416",290,"2,730,640","273,064","3,003,704",0,,"3,003,704",반도-1공장,,,
태광산업가스,,,,,,,08/06,,"O2 (kg, Bulk)",,,,0,,"7,898",167,"1,318,966","131,897","1,450,863",0,,"1,450,863",영신쿼츠,,,
태광산업가스,,,,,,,08/07,,"O2 (kg, Bulk)",,,,0,,"11,776",167,"1,966,592","196,659","2,163,251",0,,"2,163,251",영신쿼츠,,,
태광산업가스,,,,,,,08/10,,"O2 (kg, Bulk)",,,,0,,"8,332",167,"1,391,444","139,144","1,530,588",0,,"1,530,588",영신쿼츠,,,
태광산업가스,,,,,,,08/12,,"O2 (kg, Bulk)",,,,0,,"11,079",167,"1,850,193","185,019","2,035,212",0,,"2,035,212",영신쿼츠,,,
,,,,,,거래처별 합계,,,,,,0,,,"72,535",,"13,271,513","1,327,151","14,598,664",0,,"56,004,964",,,,
태성EPS,,,,,,,,,[이월미수액],,,,,,,,,,,,"94,851,900","94,851,900",,,,
태성EPS,,,,,,,08/01,,"CO2 (kg, Bulk)",,,,0,,"21,169",250,"5,292,250","529,225","5,821,475",0,,"5,821,475",,,,
태성EPS,,,,,,,08/02,,"CO2 (kg, Bulk)",,,,0,,"21,640",250,"5,410,000","541,000","5,951,000",0,,"5,951,000",,,,
태성EPS,,,,,,,08/03,,"CO2 (kg, Bulk)",,,,0,,"16,170",250,"4,042,500","404,250","4,446,750",0,,"4,446,750",,,,
태성EPS,,,,,,,08/04,,"CO2 (kg, Bulk)",,,,0,,"21,350",250,"5,337,500","533,750","5,871,250",0,,"5,871,250",,,,
태성EPS,,,,,,,08/05,,"CO2 (kg, Bulk)",,,,0,,"21,194",250,"5,298,500","529,850","5,828,350",0,,"5,828,350",,,,
태성EPS,,,,,,,08/07,,"CO2 (kg, Bulk)",,,,0,,"18,632",250,"4,658,000","465,800","5,123,800",0,,"5,123,800",,,,
태성EPS,,,,,,,08/09,,"CO2 (kg, Bulk)",,,,0,,"16,000",250,"4,000,000","400,000","4,400,000",0,,"4,400,000",,,,
태성EPS,,,,,,,08/11,,입금 (가스매출),,,,0,,0,0,0,0,0,"94,851,900",,"-94,851,900",7월 거래분,,,
태성EPS,,,,,,,08/11,,"CO2 (kg, Bulk)",,,,0,,"21,800",250,"5,450,000","545,000","5,995,000",0,,"5,995,000",,,,
태성EPS,,,,,,,08/12,,"CO2 (kg, Bulk)",,,,0,,"21,670",250,"5,417,500","541,750","5,959,250",0,,"5,959,250",,,,
,,,,,,거래처별 합계,,,,,,0,,,"179,625",,"44,906,250","4,490,625","49,396,875","94,851,900",,"49,396,875",,,,
태성레이저(벌크),,,,,,,,,[이월미수액],,,,,,,,,,,,"1,588,950","1,588,950",,,,
태성레이저(벌크),,,,,,,08/10,,"N2 (kg, Bulk)",,,,0,,"4,210",321,"1,351,410","135,141","1,486,551",0,,"1,486,551",,,,
,,,,,,거래처별 합계,,,,,,0,,,"4,210",,"1,351,410","135,141","1,486,551",0,,"3,075,501",,,,
태성레이저(실린더),,,,,,,,,[이월미수액],,,,,,,,,,,,"983,400","983,400",,,,
태성레이저(실린더),,,,,,,08/11,,"O2 (LGC, 175L) ",,,,2,,2,"63,500","127,000","12,700","139,700",0,,"139,700",,,,
,,,,,,거래처별 합계,,,,,,2,,,2,,"127,000","12,700","139,700",0,,"1,123,100",,,,
테크린주식회사,,,,,,,,,[이월미수액],,,,,,,,,,,,"49,531,350","49,531,350",,,,
테크린주식회사,,,,,,,08/04,,"CO2 (kg, Bulk)",,,,0,,"18,411",250,"4,602,750","460,275","5,063,025",0,,"5,063,025",,,,
테크린주식회사,,,,,,,08/11,,"CO2 (kg, Bulk)",,,,0,,"19,936",250,"4,984,000","498,400","5,482,400",0,,"5,482,400",,,,
,,,,,,거래처별 합계,,,,,,0,,,"38,347",,"9,586,750","958,675","10,545,425",0,,"60,076,775",,,,
티에스케이가스 주식회사,,,,,,,,,[이월미수액],,,,,,,,,,,,"82,089,093","82,089,093",,,,
티에스케이가스 주식회사,,,,,,,08/03,,"CO2 (kg, Bulk)",,,,0,,"10,319",270,"2,786,130","278,613","3,064,743",0,,"3,064,743",,,,
티에스케이가스 주식회사,,,,,,,08/03,,"N2 (kg, Bulk)",,,,0,,"12,004",136,"1,632,544","163,254","1,795,798",0,,"1,795,798",차대차,,,
티에스케이가스 주식회사,,,,,,,08/03,,"N2 (kg, Bulk)",,,,0,,"11,470",136,"1,559,920","155,992","1,715,912",0,,"1,715,912",,,,
티에스케이가스 주식회사,,,,,,,08/05,,"O2 (kg, Bulk)",,,,0,,"11,708",160,"1,873,280","187,328","2,060,608",0,,"2,060,608",,,,
티에스케이가스 주식회사,,,,,,,08/07,,"N2 (kg, Bulk)",,,,0,,"12,860",136,"1,748,960","174,896","1,923,856",0,,"1,923,856",,,,
티에스케이가스 주식회사,,,,,,,08/07,,"O2 (kg, Bulk)",,,,0,,"4,065",160,"650,400","65,040","715,440",0,,"715,440",,,,
티에스케이가스 주식회사,,,,,,,08/10,,"CO2 (kg, Bulk)",,,,0,,"8,631",270,"2,330,370","233,037","2,563,407",0,,"2,563,407",,,,
티에스케이가스 주식회사,,,,,,,08/10,,"N2 (kg, Bulk)",,,,0,,"11,970",136,"1,627,920","162,792","1,790,712",0,,"1,790,712",,,,
티에스케이가스 주식회사,,,,,,,08/11,,"N2 (kg, Bulk)",,,,0,,"12,090",136,"1,644,240","164,424","1,808,664",0,,"1,808,664",,,,
티에스케이가스 주식회사,,,,,,,08/12,,"N2 (kg, Bulk)",,,,0,,"8,582",136,"1,167,152","116,715","1,283,867",0,,"1,283,867",차대차,,,
티에스케이가스 주식회사,,,,,,,08/12,,"O2 (kg, Bulk)",,,,0,,"8,318",160,"1,330,880","133,088","1,463,968",0,,"1,463,968",,,,
,,,,,,거래처별 합계,,,,,,0,,,"112,017",,"18,351,796","1,835,180","20,186,976",0,,"102,276,069",,,,
포엠주식회사,,,,,,,,,[이월미수액],,,,,,,,,,,,"16,269,067","16,269,067",,,,
포엠주식회사,,,,,,,08/03,,"CO2 (공업용, 20kg)",,,,1,,1,"18,000","18,000","1,800","19,800",0,,"19,800",,,,
포엠주식회사,,,,,,,08/03,,"O2 (LGC, 175L, 고압용)",,,,0,,1,"57,500","57,500","5,750","63,250",0,,"63,250",,,,
포엠주식회사,,,,,,,08/11,,입금 (가스매출),,,,0,,0,0,0,0,0,"3,290,222",,"-3,290,222",카드결재 5월 거래분,,,
포엠주식회사,,,,,,,08/11,,입금 (가스매출),,,,0,,0,0,0,0,0,"6,721,044",,"-6,721,044",카드결재 6월 거래분,,,
포엠주식회사,,,,,,,08/11,,"N2 (kg, Bulk)",,,,0,,"4,000",280,"1,120,000","112,000","1,232,000",0,,"1,232,000",,,,
,,,,,,거래처별 합계,,,,,,1,,,"4,002",,"1,195,500","119,550","1,315,050","10,011,266",,"7,572,851",,,,
피에스지(코스본주식회사) ,,,,,,,,,[이월미수액],,,,,,,,,,,,"365,904","365,904",,,,
피에스지(코스본주식회사) ,,,,,,,08/07,,"N2 (UHP, 99.999%)",,,,1,,1,"83,160","83,160","8,316","91,476",0,,"91,476",,,,
,,,,,,거래처별 합계,,,,,,1,,,1,,"83,160","8,316","91,476",0,,"457,380",,,,
피케이지,,,,,,,,,[이월미수액],,,,,,,,,,,,"225,500","225,500",,,,
,,,,,,거래처별 합계,,,,,,0,,,0,,0,0,0,0,,"225,500",,,,
하이레이저 ,,,,,,,,,[이월미수액],,,,,,,,,,,,"3,379,992","3,379,992",,,,
하이레이저 ,,,,,,,08/11,,Ar (일반),,,,7,,7,"17,710","123,970","12,397","136,367",0,,"136,367",,,,
하이레이저 ,,,,,,,08/11,,"O2 (LGC, 175L) ",,,,1,,0,"63,800",0,0,0,0,,0,,,,
하이레이저 ,,,,,,,08/11,,"O2 (LGC, 175L, 고압용)",,,,0,,1,"63,800","63,800","6,380","70,180",0,,"70,180",,,,
,,,,,,거래처별 합계,,,,,,8,,,8,,"187,770","18,777","206,547",0,,"3,586,539",,,,
하이레이저(안성),,,,,,,,,[이월미수액],,,,,,,,,,,,"1,368,087","1,368,087",,,,
하이레이저(안성),,,,,,,08/04,,"N2 (kg, Bulk)",,,,0,,"3,660",325,"1,189,500","118,950","1,308,450",0,,"1,308,450",,,,
,,,,,,거래처별 합계,,,,,,0,,,"3,660",,"1,189,500","118,950","1,308,450",0,,"2,676,537",,,,
한국가스코,,,,,,,,,[이월미수액],,,,,,,,,,,,"13,758,470","13,758,470",,,,
한국가스코,,,,,,,08/11,,"CO2 (kg, Bulk)",,,,0,,"16,960",290,"4,918,400","491,840","5,410,240",0,,"5,410,240",,,,
한국가스코,,,,,,,08/11,,"CO2 (kg, Bulk)",,,,0,,"4,857",300,"1,457,100","145,710","1,602,810",0,,"1,602,810",헤스본,,,
,,,,,,거래처별 합계,,,,,,0,,,"21,817",,"6,375,500","637,550","7,013,050",0,,"20,771,520",,,,
한국메티슨특수가스,,,,,,,,,[이월미수액],,,,,,,,,,,,"2,938,144","2,938,144",,,,
한국메티슨특수가스,,,,,,,08/05,,"Ar (kg, Bulk)",,,,0,,"3,551",720,"2,556,720","255,672","2,812,392",0,,"2,812,392",,,,
,,,,,,거래처별 합계,,,,,,0,,,"3,551",,"2,556,720","255,672","2,812,392",0,,"5,750,536",,,,
한국생산기술연구원,,,,,,,,,[이월미수액],,,,,,,,,,,,"-49,830","-49,830",,,,
,,,,,,거래처별 합계,,,,,,0,,,0,,0,0,0,0,,"-49,830",,,,
한국스페셜가스,,,,,,,,,[이월미수액],,,,,,,,,,,,"14,834,160","14,834,160",,,,
한국스페셜가스,,,,,,,08/06,,"CO2 (kg, Bulk)",,,,0,,"18,880",240,"4,531,200","453,120","4,984,320",0,,"4,984,320",3589,,,
,,,,,,거래처별 합계,,,,,,0,,,"18,880",,"4,531,200","453,120","4,984,320",0,,"19,818,480",,,,
한국콜드체인,,,,,,,,,[이월미수액],,,,,,,,,,,,"29,739,325","29,739,325",,,,
한국콜드체인,,,,,,,08/09,,"CO2 (kg, Bulk)",,,,0,,"17,100",250,"4,275,000","427,500","4,702,500",0,,"4,702,500",,,,
,,,,,,거래처별 합계,,,,,,0,,,"17,100",,"4,275,000","427,500","4,702,500",0,,"34,441,825",,,,
한국탄산,,,,,,,,,[이월미수액],,,,,,,,,,,,"126,577,440","126,577,440",,,,
한국탄산,,,,,,,08/03,,"CO2 (kg, Bulk)",,,,0,,"19,470",240,"4,672,800","467,280","5,140,080",0,,"5,140,080",2379,,,
한국탄산,,,,,,,08/03,,"CO2 (kg, Bulk)",,,,0,,"19,270",240,"4,624,800","462,480","5,087,280",0,,"5,087,280",2379,,,
한국탄산,,,,,,,08/04,,"CO2 (kg, Bulk)",,,,0,,"19,430",240,"4,663,200","466,320","5,129,520",0,,"5,129,520",2379,,,
한국탄산,,,,,,,08/05,,"CO2 (kg, Bulk)",,,,0,,"19,020",240,"4,564,800","456,480","5,021,280",0,,"5,021,280",8685,,,
한국탄산,,,,,,,08/05,,"CO2 (kg, Bulk)",,,,0,,"19,320",240,"4,636,800","463,680","5,100,480",0,,"5,100,480",2379,,,
한국탄산,,,,,,,08/06,,"CO2 (kg, Bulk)",,,,0,,"19,340",240,"4,641,600","464,160","5,105,760",0,,"5,105,760",2379,,,
한국탄산,,,,,,,08/07,,"CO2 (kg, Bulk)",,,,0,,"19,370",240,"4,648,800","464,880","5,113,680",0,,"5,113,680",2379,,,
한국탄산,,,,,,,08/09,,"CO2 (kg, Bulk)",,,,0,,"19,080",240,"4,579,200","457,920","5,037,120",0,,"5,037,120",8685,,,
한국탄산,,,,,,,08/10,,"CO2 (kg, Bulk)",,,,0,,"19,000",240,"4,560,000","456,000","5,016,000",0,,"5,016,000",8685,,,
한국탄산,,,,,,,08/11,,"CO2 (kg, Bulk)",,,,0,,"19,260",240,"4,622,400","462,240","5,084,640",0,,"5,084,640",2379,,,
한국탄산,,,,,,,08/11,,"CO2 (kg, Bulk)",,,,0,,"19,150",240,"4,596,000","459,600","5,055,600",0,,"5,055,600",8685,,,
한국탄산,,,,,,,08/12,,"CO2 (kg, Bulk)",,,,0,,"19,360",240,"4,646,400","464,640","5,111,040",0,,"5,111,040",2379,,,
한국탄산,,,,,,,08/12,,"CO2 (kg, Bulk)",,,,0,,"19,000",240,"4,560,000","456,000","5,016,000",0,,"5,016,000",8685,,,
,,,,,,거래처별 합계,,,,,,0,,,"250,070",,"60,016,800","6,001,680","66,018,480",0,,"192,595,920",,,,
한국특수가스,,,,,,,,,[이월미수액],,,,,,,,,,,,"27,139,200","27,139,200",,,,
한국특수가스,,,,,,,08/11,,입금 (가스매출),,,,0,,0,0,0,0,0,"5,161,200",,"-5,161,200",5월 거래분,,,
,,,,,,거래처별 합계,,,,,,0,,,0,,0,0,0,"5,161,200",,"21,978,000",,,,
한성중기,,,,,,,,,[이월미수액],,,,,,,,,,,,"121,550","121,550",,,,
한성중기,,,,,,,08/12,,Ar (일반),,,,3,,3,"32,500","97,500","9,750","107,250",0,,"107,250",,,,
,,,,,,거래처별 합계,,,,,,3,,,3,,"97,500","9,750","107,250",0,,"228,800",,,,
한성플랜,,,,,,,,,[이월미수액],,,,,,,,,,,,"4,218,060","4,218,060",,,,
한성플랜,,,,,,,08/03,,입금 (가스매출),,,,0,,0,0,0,0,0,"752,840",,"-752,840",4월 거래분,,,
한성플랜,,,,,,,08/04,,Ar (일반),,,,3,,3,"21,600","64,800","6,480","71,280",0,,"71,280",,,,
한성플랜,,,,,,,08/04,,"N2 (LGC, 175L, 고압용)",,,,2,,2,"65,000","130,000","13,000","143,000",0,,"143,000",,,,
한성플랜,,,,,,,08/04,,"O2 (LGC, 175L) ",,,,1,,0,"78,000",0,0,0,0,,0,,,,
한성플랜,,,,,,,08/04,,"O2 (LGC, 175L, 고압용)",,,,0,,1,"78,000","78,000","7,800","85,800",0,,"85,800",,,,
한성플랜,,,,,,,08/11,,Ar (일반),,,,2,,2,"21,600","43,200","4,320","47,520",0,,"47,520",,,,
한성플랜,,,,,,,08/11,,"N2 (LGC, 175L, 고압용)",,,,1,,1,"65,000","65,000","6,500","71,500",0,,"71,500",,,,
한성플랜,,,,,,,08/11,,"O2 (LGC, 175L, 고압용)",,,,1,,1,"78,000","78,000","7,800","85,800",0,,"85,800",,,,
,,,,,,거래처별 합계,,,,,,10,,,10,,"459,000","45,900","504,900","752,840",,"3,970,120",,,,
한양종합가스,,,,,,,,,[이월미수액],,,,,,,,,,,,"1,780,240","1,780,240",,,,
,,,,,,거래처별 합계,,,,,,0,,,0,,0,0,0,0,,"1,780,240",,,,
한울티엘,,,,,,,,,[이월미수액],,,,,,,,,,,,"47,181,475","47,181,475",,,,
한울티엘,,,,,,,08/01,,"CO2 (kg, Bulk)",,,,0,,"19,915",250,"4,978,750","497,875","5,476,625",0,,"5,476,625",,,,
한울티엘,,,,,,,08/02,,"CO2 (kg, Bulk)",,,,0,,"21,018",250,"5,254,500","525,450","5,779,950",0,,"5,779,950",,,,
한울티엘,,,,,,,08/02,,"CO2 (kg, Bulk)",,,,0,,"21,663",250,"5,415,750","541,575","5,957,325",0,,"5,957,325",,,,
한울티엘,,,,,,,08/03,,입금 (가스매출),,,,0,,0,0,0,0,0,"47,181,475",,"-47,181,475",,,,
한울티엘,,,,,,,08/03,,"CO2 (kg, Bulk)",,,,0,,"21,670",250,"5,417,500","541,750","5,959,250",0,,"5,959,250",,,,
한울티엘,,,,,,,08/03,,"CO2 (kg, Bulk)",,,,0,,"21,053",250,"5,263,250","526,325","5,789,575",0,,"5,789,575",,,,
한울티엘,,,,,,,08/04,,"CO2 (kg, Bulk)",,,,0,,"21,620",250,"5,405,000","540,500","5,945,500",0,,"5,945,500",,,,
한울티엘,,,,,,,08/05,,"CO2 (kg, Bulk)",,,,0,,"18,880",250,"4,720,000","472,000","5,192,000",0,,"5,192,000",,,,
한울티엘,,,,,,,08/06,,"CO2 (kg, Bulk)",,,,0,,"19,803",250,"4,950,750","495,075","5,445,825",0,,"5,445,825",,,,
한울티엘,,,,,,,08/08,,"CO2 (kg, Bulk)",,,,0,,"21,001",250,"5,250,250","525,025","5,775,275",0,,"5,775,275",,,,
한울티엘,,,,,,,08/09,,"CO2 (kg, Bulk)",,,,0,,"19,892",250,"4,973,000","497,300","5,470,300",0,,"5,470,300",,,,
한울티엘,,,,,,,08/10,,"CO2 (kg, Bulk)",,,,0,,"21,750",250,"5,437,500","543,750","5,981,250",0,,"5,981,250",,,,
,,,,,,거래처별 합계,,,,,,0,,,"228,265",,"57,066,250","5,706,625","62,772,875","47,181,475",,"62,772,875",,,,
현대연구소(남양),,,,,,,,,[이월미수액],,,,,,,,,,,,"115,902","115,902",,,,
현대연구소(남양),,,,,,,08/03,,"N2 (kg, Bulk)",,,,0,,"2,110",180,"379,800","37,980","417,780",0,,"417,780",신뢰성,,,
,,,,,,거래처별 합계,,,,,,0,,,"2,110",,"379,800","37,980","417,780",0,,"533,682",,,,
현대연구소(마북),,,,,,,,,[이월미수액],,,,,,,,,,,,"-2,793,560","-2,793,560",,,,
현대연구소(마북),,,,,,,08/11,,"N2 (kg, Bulk)",,,,0,,"2,571",240,"617,040","61,704","678,744",0,,"678,744",,,,
,,,,,,거래처별 합계,,,,,,0,,,"2,571",,"617,040","61,704","678,744",0,,"-2,114,816",,,,
현동산업,,,,,,,,,[이월미수액],,,,,,,,,,,,"101,200","101,200",,,,
현동산업,,,,,,,08/05,,입금 (가스매출),,,,0,,0,0,0,0,0,"101,200",,"-101,200",7월 거래분,,,
,,,,,,거래처별 합계,,,,,,0,,,0,,0,0,0,"101,200",,0,,,,
화성앰코테크놀로지,,,,,,,08/06,,"Ar (UHP, 47L, 99.999%)",,,,25,,30,0,0,0,0,0,,0,,,,
화성앰코테크놀로지,,,,,,,08/06,,"CO2 (UHP, 20kg, 99.995%)",,,,14,,20,0,0,0,0,0,,0,,,,
화성앰코테크놀로지,,,,,,,08/06,,"He (UHP, 47L, 99.999%)",,,,1,,0,0,0,0,0,0,,0,,,,
화성앰코테크놀로지,,,,,,,08/06,,NH3 (UHP),,,,0,,1,0,0,0,0,0,,0,,,,
화성앰코테크놀로지,,,,,,,08/06,,"O2 (UHP, 47L, 99.999%)",,,,10,,30,0,0,0,0,0,,0,,,,
,,,,,,거래처별 합계,,,,,,50,,,81,,0,0,0,0,,0,,,,
,,,,,,총합계,,,,,,"1,493",,,"3,262,831",,"795,859,047","79,585,905","875,444,952","637,297,128",,"3,650,401,906",,,,
2026-08-13 오후 1:34:24,,,,,,,,,,,,,,,,,,,,,,,,,,
,,,,,,,,,,,,,,,,,,,,,,,,,,
,,,,,,,,,,,,,,,,,,,,,,,,,,
,,,,,,,,,,,,,,,,,,,,,,,,,,
,,,,,,,,,,,,,,,,,,,,,,,,,,
,,,,,,,,,,,,,,,,,,,,,,,,,,
,,,,,,,,,,,,,,,,,,,,,,,,,,