거래처,구분,1월,2월,3월,4월,5월,6월,7월,8월,9월,10월,11월,12월
Z더원코리아,이월,2618000.0,3093200.0,2979900.0,1264450.0,1100000.0,0.0,0.0,0,0.0,0.0,0.0,0.0
Z더원코리아,매출,1674200.0,1305700.0,1264450.0,1100000.0,0.0,0.0,0.0,0,0.0,0.0,0.0,0.0
Z더원코리아,수금,1199000.0,1419000.0,2979900.0,1264450.0,1100000.0,0.0,0.0,0,0.0,0.0,0.0,0.0
Z더원코리아,잔액,3093200.0,2979900.0,1264450.0,1100000.0,0.0,0.0,0.0,0,0.0,0.0,0.0,0.0
Z비엘티2공장,이월,338800.0,349800.0,396000.0,528000.0,0.0,0.0,0.0,0,0.0,0.0,0.0,0.0
Z비엘티2공장,매출,349800.0,396000.0,528000.0,0.0,0.0,0.0,0.0,0,0.0,0.0,0.0,0.0
Z비엘티2공장,수금,338800.0,349800.0,396000.0,528000.0,0.0,0.0,0.0,0,0.0,0.0,0.0,0.0
Z비엘티2공장,잔액,349800.0,396000.0,528000.0,0.0,0.0,0.0,0.0,0,0.0,0.0,0.0,0.0
Z비엘티3공장,이월,726000.0,935000.0,647900.0,0.0,0.0,0.0,0.0,0,0.0,0.0,0.0,0.0
Z비엘티3공장,매출,935000.0,647900.0,0.0,0.0,0.0,0.0,0.0,0,0.0,0.0,0.0,0.0
Z비엘티3공장,수금,726000.0,935000.0,647900.0,0.0,0.0,0.0,0.0,0,0.0,0.0,0.0,0.0
Z비엘티3공장,잔액,935000.0,647900.0,0.0,0.0,0.0,0.0,0.0,0,0.0,0.0,0.0,0.0
Z에스엘지(인천),이월,0.0,0.0,0.0,0.0,0.0,0.0,0.0,0,0.0,0.0,0.0,0.0
Z에스엘지(인천),매출,0.0,0.0,0.0,0.0,0.0,0.0,0.0,0,0.0,0.0,0.0,0.0
Z에스엘지(인천),수금,0.0,0.0,0.0,0.0,0.0,0.0,0.0,0,0.0,0.0,0.0,0.0
Z에스엘지(인천),잔액,0.0,0.0,0.0,0.0,0.0,0.0,0.0,0,0.0,0.0,0.0,0.0
가스코아산(DM특장),이월,88000.0,0.0,0.0,0.0,82500.0,0.0,0.0,0,0.0,0.0,0.0,0.0
가스코아산(DM특장),매출,0.0,0.0,0.0,82500.0,0.0,0.0,0.0,0,0.0,0.0,0.0,0.0
가스코아산(DM특장),수금,88000.0,0.0,0.0,0.0,82500.0,0.0,0.0,0,0.0,0.0,0.0,0.0
가스코아산(DM특장),잔액,0.0,0.0,0.0,82500.0,0.0,0.0,0.0,0,0.0,0.0,0.0,0.0
가스코아산(대창),이월,330000.0,330000.0,330000.0,330000.0,0.0,330000.0,330000.0,330000,0.0,0.0,0.0,0.0
가스코아산(대창),매출,330000.0,330000.0,330000.0,0.0,330000.0,330000.0,330000.0,330000,0.0,0.0,0.0,0.0
가스코아산(대창),수금,330000.0,330000.0,330000.0,330000.0,0.0,330000.0,330000.0,330000,0.0,0.0,0.0,0.0
가스코아산(대창),잔액,330000.0,330000.0,330000.0,0.0,330000.0,330000.0,330000.0,330000,0.0,0.0,0.0,0.0
가스코아산(몰드스틸),이월,726000.0,616000.0,367400.0,132000.0,748000.0,66000.0,0.0,0,0.0,0.0,0.0,0.0
가스코아산(몰드스틸),매출,616000.0,367400.0,132000.0,748000.0,66000.0,0.0,0.0,0,0.0,0.0,0.0,0.0
가스코아산(몰드스틸),수금,726000.0,616000.0,367400.0,132000.0,748000.0,66000.0,0.0,0,0.0,0.0,0.0,0.0
가스코아산(몰드스틸),잔액,616000.0,367400.0,132000.0,748000.0,66000.0,0.0,0.0,0,0.0,0.0,0.0,0.0
가스코아산(아래스가스),이월,0.0,0.0,0.0,0.0,0.0,0.0,0.0,1045000,0.0,0.0,0.0,0.0
가스코아산(아래스가스),매출,0.0,0.0,0.0,0.0,0.0,0.0,1045000.0,0,0.0,0.0,0.0,0.0
가스코아산(아래스가스),수금,0.0,0.0,0.0,0.0,0.0,0.0,0.0,1045000,0.0,0.0,0.0,0.0
가스코아산(아래스가스),잔액,0.0,0.0,0.0,0.0,0.0,0.0,1045000.0,0,0.0,0.0,0.0,0.0
가스코아산(아론),이월,2038300.0,1236400.0,181500.0,497200.0,0.0,0.0,0.0,0,0.0,0.0,0.0,0.0
가스코아산(아론),매출,1236400.0,181500.0,497200.0,0.0,0.0,0.0,0.0,60500,0.0,0.0,0.0,0.0
가스코아산(아론),수금,2038300.0,1236400.0,181500.0,497200.0,0.0,0.0,0.0,0,0.0,0.0,0.0,0.0
가스코아산(아론),잔액,1236400.0,181500.0,497200.0,0.0,0.0,0.0,0.0,60500,0.0,0.0,0.0,0.0
가스코아산(에스에프에이),이월,286000.0,407000.0,803000.0,473000.0,132000.0,14300.0,242000.0,-88000,0.0,0.0,0.0,0.0
가스코아산(에스에프에이),매출,407000.0,803000.0,473000.0,132000.0,14300.0,242000.0,-88000.0,14300,0.0,0.0,0.0,0.0
가스코아산(에스에프에이),수금,286000.0,407000.0,803000.0,473000.0,132000.0,14300.0,242000.0,-88000,0.0,0.0,0.0,0.0
가스코아산(에스에프에이),잔액,407000.0,803000.0,473000.0,132000.0,14300.0,242000.0,-88000.0,14300,0.0,0.0,0.0,0.0
가스코아산(폴라리스AI파마),이월,0.0,0.0,0.0,0.0,264000.0,0.0,264000.0,0,0.0,0.0,0.0,0.0
가스코아산(폴라리스AI파마),매출,0.0,0.0,0.0,264000.0,0.0,264000.0,0.0,264000,0.0,0.0,0.0,0.0
가스코아산(폴라리스AI파마),수금,0.0,0.0,0.0,0.0,264000.0,0.0,264000.0,0,0.0,0.0,0.0,0.0
가스코아산(폴라리스AI파마),잔액,0.0,0.0,0.0,264000.0,0.0,264000.0,0.0,264000,0.0,0.0,0.0,0.0
가스코아산(하나이엔지),이월,783200.0,622600.0,602800.0,501600.0,281600.0,127600.0,1249600.0,844800,0.0,0.0,0.0,0.0
가스코아산(하나이엔지),매출,622600.0,602800.0,501600.0,281600.0,127600.0,1249600.0,844800.0,435600,0.0,0.0,0.0,0.0
가스코아산(하나이엔지),수금,783200.0,622600.0,602800.0,501600.0,281600.0,127600.0,1249600.0,844800,0.0,0.0,0.0,0.0
가스코아산(하나이엔지),잔액,622600.0,602800.0,501600.0,281600.0,127600.0,1249600.0,844800.0,435600,0.0,0.0,0.0,0.0
가스코아산(현진산업),이월,77000.0,0.0,0.0,61600.0,46200.0,61600.0,46200.0,0,0.0,0.0,0.0,0.0
가스코아산(현진산업),매출,0.0,0.0,61600.0,46200.0,61600.0,46200.0,0.0,0,0.0,0.0,0.0,0.0
가스코아산(현진산업),수금,77000.0,0.0,0.0,61600.0,46200.0,61600.0,46200.0,0,0.0,0.0,0.0,0.0
가스코아산(현진산업),잔액,0.0,0.0,61600.0,46200.0,61600.0,46200.0,0.0,0,0.0,0.0,0.0,0.0
가스코아산.,이월,369270732.0,390951798.0,312478457.0,447969319.0,426787212.0,351733502.0,10357451.0,316600207,0.0,0.0,0.0,0.0
가스코아산.,매출,390951798.0,312478458.0,447969319.0,426787213.0,351733503.0,510357452.0,716600207.0,487953777,0.0,0.0,0.0,0.0
가스코아산.,수금,369270732.0,390951798.0,312478457.0,447969319.0,426787213.0,851733503.0,410357452.0,316600207,0.0,0.0,0.0,0.0
가스코아산.,잔액,390951798.0,312478457.0,447969319.0,426787212.0,351733502.0,10357451.0,316600207.0,487953777,0.0,0.0,0.0,0.0
가스테크코리아,이월,939870.0,0.0,737783.0,938080.0,0.0,801029.0,0.0,778835,0.0,0.0,0.0,0.0
가스테크코리아,매출,0.0,737783.0,938080.0,0.0,801029.0,0.0,778835.0,0,0.0,0.0,0.0,0.0
가스테크코리아,수금,939870.0,0.0,737783.0,938080.0,0.0,801029.0,0.0,778835,0.0,0.0,0.0,0.0
가스테크코리아,잔액,0.0,737783.0,938080.0,0.0,801029.0,0.0,778835.0,0,0.0,0.0,0.0,0.0
가스텍(고려신소재),이월,665280.0,1330560.0,997920.0,1663200.0,1995840.0,1995840.0,1995840.0,1995840,0.0,0.0,0.0,0.0
가스텍(고려신소재),매출,1330560.0,997920.0,665280.0,332640.0,665280.0,0.0,0.0,0,0.0,0.0,0.0,0.0
가스텍(고려신소재),수금,665280.0,1330560.0,0.0,0.0,665280.0,0.0,0.0,0,0.0,0.0,0.0,0.0
가스텍(고려신소재),잔액,1330560.0,997920.0,1663200.0,1995840.0,1995840.0,1995840.0,1995840.0,1995840,0.0,0.0,0.0,0.0
가스텍(대흥정공),이월,18707585.0,17354277.0,14263799.0,31954406.0,48523414.0,62842032.0,80850352.0,80850352,0.0,0.0,0.0,0.0
가스텍(대흥정공),매출,17354277.0,14263799.0,17690607.0,16569009.0,14318618.0,18008320.0,0.0,0,0.0,0.0,0.0,0.0
가스텍(대흥정공),수금,18707585.0,17354277.0,0.0,0.0,0.0,0.0,0.0,0,0.0,0.0,0.0,0.0
가스텍(대흥정공),잔액,17354277.0,14263799.0,31954406.0,48523414.0,62842032.0,80850352.0,80850352.0,80850352,0.0,0.0,0.0,0.0
가스텍(미성르호봇),이월,838420.0,875600.0,899250.0,2109250.0,2960914.0,2960914.0,2960914.0,2960914,0.0,0.0,0.0,0.0
가스텍(미성르호봇),매출,875600.0,899250.0,1210000.0,851664.0,0.0,0.0,0.0,0,0.0,0.0,0.0,0.0
가스텍(미성르호봇),수금,838420.0,875600.0,0.0,0.0,0.0,0.0,0.0,0,0.0,0.0,0.0,0.0
가스텍(미성르호봇),잔액,875600.0,899250.0,2109250.0,2960914.0,2960914.0,2960914.0,2960914.0,2960914,0.0,0.0,0.0,0.0
가스텍(인천),이월,403463216.0,420945910.0,500444178.0,532126145.0,535081575.0,535081575.0,535081575.0,535081575,0.0,0.0,0.0,0.0
가스텍(인천),매출,95267724.0,80168831.0,110281195.0,8664431.0,0.0,0.0,0.0,0,0.0,0.0,0.0,0.0
가스텍(인천),수금,77785030.0,670563.0,78599228.0,5709000.0,0.0,0.0,0.0,0,0.0,0.0,0.0,0.0
가스텍(인천),잔액,420945910.0,500444178.0,532126145.0,535081575.0,535081575.0,535081575.0,535081575.0,535081575,0.0,0.0,0.0,0.0
개인판매,이월,0.0,0.0,0.0,0.0,0.0,0.0,0.0,0,0.0,0.0,0.0,0.0
개인판매,매출,40000.0,0.0,40000.0,60000.0,0.0,208000.0,0.0,0,0.0,0.0,0.0,0.0
개인판매,수금,40000.0,0.0,40000.0,60000.0,0.0,208000.0,0.0,0,0.0,0.0,0.0,0.0
개인판매,잔액,0.0,0.0,0.0,0.0,0.0,0.0,0.0,0,0.0,0.0,0.0,0.0
경민산업,이월,4752171.0,4008730.0,2247547.0,2845507.0,2556464.0,2164304.0,2781184.0,2576778,0.0,0.0,0.0,0.0
경민산업,매출,1675108.0,572440.0,597960.0,1906465.0,257840.0,616880.0,1702058.0,0,0.0,0.0,0.0,0.0
경민산업,수금,2418548.0,2333623.0,0.0,2195508.0,650000.0,0.0,1906464.0,874680,0.0,0.0,0.0,0.0
경민산업,잔액,4008730.0,2247547.0,2845507.0,2556464.0,2164304.0,2781184.0,2576778.0,1702098,0.0,0.0,0.0,0.0
고려대한가스,이월,4384204.0,5845202.0,3416215.0,5840164.0,17411796.0,11923681.0,7523703.0,8584735,0.0,0.0,0.0,0.0
고려대한가스,매출,5845202.0,3416215.0,5840164.0,17411796.0,11923681.0,7523703.0,8584736.0,7979818,0.0,0.0,0.0,0.0
고려대한가스,수금,4384204.0,5845202.0,3416215.0,5840164.0,17411796.0,11923681.0,7523703.0,0,0.0,0.0,0.0,0.0
고려대한가스,잔액,5845202.0,3416215.0,5840164.0,17411796.0,11923681.0,7523703.0,8584735.0,16564553,0.0,0.0,0.0,0.0
공도(한일가스충전소),이월,0.0,524280.0,524280.0,1019320.0,0.0,545360.0,447440.0,447440,0.0,0.0,0.0,0.0
공도(한일가스충전소),매출,524280.0,0.0,495040.0,0.0,545360.0,447440.0,0.0,425680,0.0,0.0,0.0,0.0
공도(한일가스충전소),수금,0.0,0.0,0.0,1019320.0,0.0,545360.0,0.0,0,0.0,0.0,0.0,0.0
공도(한일가스충전소),잔액,524280.0,524280.0,1019320.0,0.0,545360.0,447440.0,447440.0,873121,0.0,0.0,0.0,0.0
공도.,이월,3316643.0,3380542.0,3380542.0,3541109.0,3500750.0,3545894.0,3545894.0,3716438,0.0,0.0,0.0,0.0
공도.,매출,1770043.0,0.0,1771066.0,1729684.0,1816210.0,0.0,1900228.0,1613480,0.0,0.0,0.0,0.0
공도.,수금,1706144.0,0.0,1610499.0,1770043.0,1771066.0,0.0,1729684.0,0,0.0,0.0,0.0,0.0
공도.,잔액,3380542.0,3380542.0,3541109.0,3500750.0,3545894.0,3545894.0,3716438.0,5329918,0.0,0.0,0.0,0.0
공성기계,이월,176000.0,0.0,88000.0,0.0,88000.0,88000.0,0.0,176000,0.0,0.0,0.0,0.0
공성기계,매출,0.0,88000.0,0.0,88000.0,88000.0,0.0,176000.0,0,0.0,0.0,0.0,0.0
공성기계,수금,176000.0,0.0,88000.0,0.0,88000.0,88000.0,0.0,176000,0.0,0.0,0.0,0.0
공성기계,잔액,0.0,88000.0,0.0,88000.0,88000.0,0.0,176000.0,0,0.0,0.0,0.0,0.0
국제산업가스,이월,8267243.0,8716235.0,9000942.0,9038865.0,13815175.0,8255280.0,16159972.0,9116910,0.0,0.0,0.0,0.0
국제산업가스,매출,8716235.0,9000943.0,9038865.0,13815175.0,8255280.0,16159972.0,9116910.0,6729624,0.0,0.0,0.0,0.0
국제산업가스,수금,8267243.0,8716235.0,9000942.0,9038865.0,13815175.0,8255280.0,16159972.0,0,0.0,0.0,0.0,0.0
국제산업가스,잔액,8716235.0,9000942.0,9038865.0,13815175.0,8255280.0,16159972.0,9116910.0,15846534,0.0,0.0,0.0,0.0
다올이앤씨 주식회사,이월,1397000.0,1733050.0,1500400.0,2008380.0,2611400.0,1095270.0,2296800.0,1974830,0.0,0.0,0.0,0.0
다올이앤씨 주식회사,매출,1467950.0,851400.0,2008380.0,2215840.0,831710.0,2243560.0,1499410.0,992530,0.0,0.0,0.0,0.0
다올이앤씨 주식회사,수금,1131900.0,1084050.0,1500400.0,1612820.0,2347840.0,1042030.0,1821380.0,0,0.0,0.0,0.0,0.0
다올이앤씨 주식회사,잔액,1733050.0,1500400.0,2008380.0,2611400.0,1095270.0,2296800.0,1974830.0,2967360,0.0,0.0,0.0,0.0
단일시스켐,이월,0.0,0.0,0.0,0.0,0.0,0.0,0.0,4870800,0.0,0.0,0.0,0.0
단일시스켐,매출,0.0,0.0,0.0,0.0,0.0,0.0,4870800.0,3775200,0.0,0.0,0.0,0.0
단일시스켐,수금,0.0,0.0,0.0,0.0,0.0,0.0,0.0,0,0.0,0.0,0.0,0.0
단일시스켐,잔액,0.0,0.0,0.0,0.0,0.0,0.0,4870800.0,8646000,0.0,0.0,0.0,0.0
대성가스텍,이월,68003877.0,99836309.0,96720629.0,71559923.0,67336486.0,92429331.0,43176482.0,89349313,0.0,0.0,0.0,0.0
대성가스텍,매출,32791983.0,30997197.0,45450323.0,30730686.0,25092845.0,22802940.0,46172831.0,15296079,0.0,0.0,0.0,0.0
대성가스텍,수금,959552.0,34112877.0,70611028.0,34954123.0,0.0,72055788.0,0.0,0,0.0,0.0,0.0,0.0
대성가스텍,잔액,99836309.0,96720629.0,71559923.0,67336486.0,92429331.0,43176482.0,89349313.0,104645392,0.0,0.0,0.0,0.0
대성스틸,이월,668250.0,668250.0,0.0,780670.0,780670.0,829785.0,829785.0,705705,0.0,0.0,0.0,0.0
대성스틸,매출,0.0,0.0,780670.0,0.0,829785.0,0.0,705705.0,0,0.0,0.0,0.0,0.0
대성스틸,수금,0.0,668250.0,0.0,0.0,780670.0,0.0,829785.0,0,0.0,0.0,0.0,0.0
대성스틸,잔액,668250.0,0.0,780670.0,780670.0,829785.0,829785.0,705705.0,705705,0.0,0.0,0.0,0.0
대성플랜트,이월,1355255.0,1536755.0,593120.0,580800.0,1113310.0,1737560.0,1379565.0,1993420,0.0,0.0,0.0,0.0
대성플랜트,매출,181500.0,593120.0,580800.0,1113310.0,1737560.0,1379565.0,1993420.0,1440010,0.0,0.0,0.0,0.0
대성플랜트,수금,0.0,1536755.0,593120.0,580800.0,1113310.0,1737560.0,1379565.0,0,0.0,0.0,0.0,0.0
대성플랜트,잔액,1536755.0,593120.0,580800.0,1113310.0,1737560.0,1379565.0,1993420.0,3433430,0.0,0.0,0.0,0.0
대영가스상사,이월,0.0,0.0,0.0,0.0,0.0,0.0,4849460.0,16777860,0.0,0.0,0.0,0.0
대영가스상사,매출,0.0,0.0,0.0,0.0,0.0,4849460.0,16777860.0,10233190,0.0,0.0,0.0,0.0
대영가스상사,수금,0.0,0.0,0.0,0.0,0.0,0.0,4849460.0,16777860,0.0,0.0,0.0,0.0
대영가스상사,잔액,0.0,0.0,0.0,0.0,0.0,4849460.0,16777860.0,10233190,0.0,0.0,0.0,0.0
대진에스에이,이월,3766180.0,3414180.0,2500080.0,2505800.0,2586320.0,2599740.0,2724700.0,2614700,0.0,0.0,0.0,0.0
대진에스에이,매출,862620.0,834900.0,808280.0,943140.0,848320.0,933240.0,833140.0,741840,0.0,0.0,0.0,0.0
대진에스에이,수금,1214620.0,1749000.0,802560.0,862620.0,834900.0,808280.0,943140.0,848320,0.0,0.0,0.0,0.0
대진에스에이,잔액,3414180.0,2500080.0,2505800.0,2586320.0,2599740.0,2724700.0,2614700.0,2508220,0.0,0.0,0.0,0.0
대한산업가스,이월,2076470.0,3526215.0,2327160.0,2819080.0,3221130.0,5189283.0,21665567.0,26913469,0.0,0.0,0.0,0.0
대한산업가스,매출,3526215.0,2327160.0,2819080.0,3221130.0,5189283.0,21665567.0,26913469.0,10720771,0.0,0.0,0.0,0.0
대한산업가스,수금,2076470.0,3526215.0,2327160.0,2819080.0,3221130.0,5189283.0,21665567.0,0,0.0,0.0,0.0,0.0
대한산업가스,잔액,3526215.0,2327160.0,2819080.0,3221130.0,5189283.0,21665567.0,26913469.0,37634240,0.0,0.0,0.0,0.0
대한특수가스,이월,21927906.0,22845966.0,19354192.0,20940920.0,30927182.0,35693944.0,42656867.0,60643506,0.0,0.0,0.0,0.0
대한특수가스,매출,10841116.0,8513076.0,12427844.0,18499338.0,17194606.0,25462261.0,35181245.0,21825892,0.0,0.0,0.0,0.0
대한특수가스,수금,9923056.0,12004850.0,10841116.0,8513076.0,12427844.0,18499338.0,17194606.0,25462261,0.0,0.0,0.0,0.0
대한특수가스,잔액,22845966.0,19354192.0,20940920.0,30927182.0,35693944.0,42656867.0,60643506.0,57007137,0.0,0.0,0.0,0.0
대현엔지니어링,이월,1322200.0,2248400.0,3031600.0,3801160.0,1996500.0,2521640.0,1909380.0,3223440,0.0,0.0,0.0,0.0
대현엔지니어링,매출,926200.0,783200.0,769560.0,1226940.0,525140.0,1384240.0,1314060.0,861520,0.0,0.0,0.0,0.0
대현엔지니어링,수금,0.0,0.0,0.0,3031600.0,0.0,1996500.0,0.0,0,0.0,0.0,0.0,0.0
대현엔지니어링,잔액,2248400.0,3031600.0,3801160.0,1996500.0,2521640.0,1909380.0,3223440.0,4084960,0.0,0.0,0.0,0.0
대흥샤링,이월,2079440.0,3005970.0,2960078.0,2193136.0,4237442.0,4190263.0,6341841.0,4287910,0.0,0.0,0.0,0.0
대흥샤링,매출,3005970.0,2960078.0,2193136.0,2044306.0,1910205.0,2151578.0,4287910.0,2937869,0.0,0.0,0.0,0.0
대흥샤링,수금,2079440.0,3005970.0,2960078.0,0.0,1957384.0,0.0,6341841.0,0,0.0,0.0,0.0,0.0
대흥샤링,잔액,3005970.0,2960078.0,2193136.0,4237442.0,4190263.0,6341841.0,4287910.0,7225779,0.0,0.0,0.0,0.0
대흥정공.,이월,0.0,0.0,0.0,0.0,0.0,0.0,364100.0,15114660,0.0,0.0,0.0,0.0
대흥정공.,매출,0.0,0.0,0.0,0.0,0.0,364100.0,15114660.0,5084640,0.0,0.0,0.0,0.0
대흥정공.,수금,0.0,0.0,0.0,0.0,0.0,0.0,364100.0,0,0.0,0.0,0.0,0.0
대흥정공.,잔액,0.0,0.0,0.0,0.0,0.0,364100.0,15114660.0,20199300,0.0,0.0,0.0,0.0
덕양가스(당진),이월,,0.0,0.0,0.0,0.0,0.0,0.0,24377760,0.0,0.0,0.0,0.0
덕양가스(당진),매출,0.0,0.0,0.0,0.0,0.0,0.0,24377760.0,36983760,0.0,0.0,0.0,0.0
덕양가스(당진),수금,0.0,0.0,0.0,0.0,0.0,0.0,0.0,0,0.0,0.0,0.0,0.0
덕양가스(당진),잔액,0.0,0.0,0.0,0.0,0.0,0.0,24377760.0,61361520,0.0,0.0,0.0,0.0
동아기술(구.동아플랜트),이월,1060808.0,2301289.0,1425281.0,361020.0,520850.0,145200.0,0.0,566280,0.0,0.0,0.0,0.0
동아기술(구.동아플랜트),매출,1240481.0,184800.0,361020.0,520850.0,145200.0,0.0,566280.0,145200,0.0,0.0,0.0,0.0
동아기술(구.동아플랜트),수금,0.0,1060808.0,1425281.0,361020.0,520850.0,145200.0,0.0,0,0.0,0.0,0.0,0.0
동아기술(구.동아플랜트),잔액,2301289.0,1425281.0,361020.0,520850.0,145200.0,0.0,566280.0,711480,0.0,0.0,0.0,0.0
동주산업,이월,0.0,1646370.0,1679040.0,0.0,1617660.0,1642080.0,1674750.0,0,0.0,0.0,0.0,0.0
동주산업,매출,1646370.0,1679040.0,0.0,1617660.0,1642080.0,1674750.0,0.0,1748340,0.0,0.0,0.0,0.0
동주산업,수금,0.0,1646370.0,1679040.0,0.0,1617660.0,1642080.0,1674750.0,0,0.0,0.0,0.0,0.0
동주산업,잔액,1646370.0,1679040.0,0.0,1617660.0,1642080.0,1674750.0,0.0,1748340,0.0,0.0,0.0,0.0
두산판금,이월,23460030.0,25640230.0,24261600.0,24858966.0,26112856.0,24118798.0,23375000.0,28405432,0.0,0.0,0.0,0.0
두산판금,매출,12706210.0,11555390.0,13303576.0,12809280.0,11309518.0,12065482.0,16339950.0,10700492,0.0,0.0,0.0,0.0
두산판금,수금,10526010.0,12934020.0,12706210.0,11555390.0,13303576.0,12809280.0,11309518.0,12065482,0.0,0.0,0.0,0.0
두산판금,잔액,25640230.0,24261600.0,24858966.0,26112856.0,24118798.0,23375000.0,28405432.0,27040442,0.0,0.0,0.0,0.0
두영에스티,이월,4610788.0,3778032.0,2749141.0,2744500.0,3699850.0,2416535.0,2493700.0,2890360,0.0,0.0,0.0,0.0
두영에스티,매출,3778033.0,2749142.0,2744500.0,3699850.0,2416535.0,2493700.0,2890360.0,941050,0.0,0.0,0.0,0.0
두영에스티,수금,4610788.0,3778033.0,2749141.0,2744500.0,3699850.0,2416535.0,2493700.0,0,0.0,0.0,0.0,0.0
두영에스티,잔액,3778032.0,2749141.0,2744500.0,3699850.0,2416535.0,2493700.0,2890360.0,3831410,0.0,0.0,0.0,0.0
드림레이저,이월,7391918.0,8858927.0,10487862.0,12305612.0,15390606.0,12400141.0,9386069.0,11660039,0.0,0.0,0.0,0.0
드림레이저,매출,5719703.0,4768159.0,7537453.0,7853153.0,4546988.0,4839082.0,6820957.0,3569165,0.0,0.0,0.0,0.0
드림레이저,수금,4252694.0,3139224.0,5719703.0,4768159.0,7537453.0,7853153.0,4546987.0,4839082,0.0,0.0,0.0,0.0
드림레이저,잔액,8858927.0,10487862.0,12305612.0,15390606.0,12400141.0,9386069.0,11660039.0,10390122,0.0,0.0,0.0,0.0
드림맥,이월,21368160.0,21102620.0,20297970.0,13667650.0,13632560.0,20853675.0,14896460.0,16502915,0.0,0.0,0.0,0.0
드림맥,매출,7383970.0,5335000.0,6200590.0,7300370.0,7221115.0,6784195.0,7866760.0,4612190,0.0,0.0,0.0,0.0
드림맥,수금,7649510.0,6139650.0,12830910.0,7335460.0,0.0,12741410.0,6260305.0,0,0.0,0.0,0.0,0.0
드림맥,잔액,21102620.0,20297970.0,13667650.0,13632560.0,20853675.0,14896460.0,16502915.0,21115105,0.0,0.0,0.0,0.0
디아이이앤티,이월,1782000.0,2968900.0,798600.0,1964600.0,4835600.0,3168000.0,1838100.0,1706100,0.0,0.0,0.0,0.0
디아이이앤티,매출,2968900.0,798600.0,1964600.0,4835600.0,3168000.0,1838100.0,1706100.0,0,0.0,0.0,0.0,0.0
디아이이앤티,수금,1782000.0,2968900.0,798600.0,1964600.0,4835600.0,3168000.0,1838100.0,0,0.0,0.0,0.0,0.0
디아이이앤티,잔액,2968900.0,798600.0,1964600.0,4835600.0,3168000.0,1838100.0,1706100.0,1706100,0.0,0.0,0.0,0.0
디에스텍,이월,32147860.0,28121017.0,20354613.0,34860996.0,32650508.0,30858952.0,37639099.0,33038926,0.0,0.0,0.0,0.0
디에스텍,매출,28121017.0,20354612.0,34860995.0,32650507.0,30858951.0,37639098.0,33038926.0,27433959,0.0,0.0,0.0,0.0
디에스텍,수금,32147860.0,28121017.0,20354612.0,34860995.0,32650507.0,30858951.0,37639099.0,0,0.0,0.0,0.0,0.0
디에스텍,잔액,28121017.0,20354613.0,34860996.0,32650508.0,30858952.0,37639099.0,33038926.0,60472885,0.0,0.0,0.0,0.0
디자인비무(구.이랜드서비스),이월,495000.0,198000.0,396000.0,724350.0,415800.0,381150.0,277200.0,415800,0.0,0.0,0.0,0.0
디자인비무(구.이랜드서비스),매출,198000.0,198000.0,658350.0,415800.0,138600.0,277200.0,415800.0,311850,0.0,0.0,0.0,0.0
디자인비무(구.이랜드서비스),수금,495000.0,0.0,330000.0,724350.0,173250.0,381150.0,277200.0,0,0.0,0.0,0.0,0.0
디자인비무(구.이랜드서비스),잔액,198000.0,396000.0,724350.0,415800.0,381150.0,277200.0,415800.0,727650,0.0,0.0,0.0,0.0
디케이가스,이월,3373040.0,3198800.0,3252480.0,2889480.0,3252480.0,1560900.0,1858560.0,902660,0.0,0.0,0.0,0.0
디케이가스,매출,3198800.0,3252480.0,2889480.0,3252480.0,1560900.0,1858560.0,902660.0,0,0.0,0.0,0.0,0.0
디케이가스,수금,3373040.0,3198800.0,3252480.0,2889480.0,3252480.0,1560900.0,1858560.0,902660,0.0,0.0,0.0,0.0
디케이가스,잔액,3198800.0,3252480.0,2889480.0,3252480.0,1560900.0,1858560.0,902660.0,0,0.0,0.0,0.0,0.0
라쿨 주식회사(구.신정우),이월,36242386.0,33820833.0,21942804.0,42820322.0,36686540.0,35673777.0,33245415.0,35026156,0.0,0.0,0.0,0.0
라쿨 주식회사(구.신정우),매출,31162100.0,21942803.0,42820322.0,36686540.0,35673777.0,33245416.0,35026157.0,18183637,0.0,0.0,0.0,0.0
라쿨 주식회사(구.신정우),수금,33583653.0,33820833.0,21942803.0,42820322.0,36686540.0,35673777.0,33245416.0,0,0.0,0.0,0.0,0.0
라쿨 주식회사(구.신정우),잔액,33820833.0,21942804.0,42820322.0,36686540.0,35673777.0,33245415.0,35026156.0,53209793,0.0,0.0,0.0,0.0
마스터엔지니어링,이월,957880.0,1222980.0,1836560.0,1210440.0,1120240.0,1711380.0,1392710.0,1556170,0.0,0.0,0.0,0.0
마스터엔지니어링,매출,564740.0,613580.0,596860.0,523380.0,591140.0,801570.0,754600.0,944350,0.0,0.0,0.0,0.0
마스터엔지니어링,수금,299640.0,0.0,1222980.0,613580.0,0.0,1120240.0,591140.0,0,0.0,0.0,0.0,0.0
마스터엔지니어링,잔액,1222980.0,1836560.0,1210440.0,1120240.0,1711380.0,1392710.0,1556170.0,2500520,0.0,0.0,0.0,0.0
명성씨엠아이,이월,-4290000.0,-4290000.0,-4290000.0,0.0,0.0,77000.0,77000.0,0,0.0,0.0,0.0,0.0
명성씨엠아이,매출,0.0,0.0,4290000.0,0.0,77000.0,0.0,242000.0,0,0.0,0.0,0.0,0.0
명성씨엠아이,수금,0.0,0.0,0.0,0.0,0.0,0.0,319000.0,0,0.0,0.0,0.0,0.0
명성씨엠아이,잔액,-4290000.0,-4290000.0,0.0,0.0,77000.0,77000.0,0.0,0,0.0,0.0,0.0,0.0
명성코리아테크놀러지,이월,9450650.0,2732400.0,3796100.0,6370705.0,1392600.0,4415642.0,8624605.0,6208763,0.0,0.0,0.0,0.0
명성코리아테크놀러지,매출,2732400.0,1063700.0,2574605.0,1392600.0,3023042.0,4208963.0,1999800.0,1719850,0.0,0.0,0.0,0.0
명성코리아테크놀러지,수금,9450650.0,0.0,0.0,6370705.0,0.0,0.0,4415642.0,6208763,0.0,0.0,0.0,0.0
명성코리아테크놀러지,잔액,2732400.0,3796100.0,6370705.0,1392600.0,4415642.0,8624605.0,6208763.0,1719850,0.0,0.0,0.0,0.0
명인ENG,이월,541200.0,1227600.0,864600.0,208120.0,1204170.0,1385120.0,515460.0,118580,0.0,0.0,0.0,0.0
명인ENG,매출,845900.0,744700.0,208120.0,1171500.0,460460.0,441650.0,118580.0,90200,0.0,0.0,0.0,0.0
명인ENG,수금,159500.0,1107700.0,864600.0,175450.0,279510.0,1311310.0,515460.0,0,0.0,0.0,0.0,0.0
명인ENG,잔액,1227600.0,864600.0,208120.0,1204170.0,1385120.0,515460.0,118580.0,208780,0.0,0.0,0.0,0.0
모베이스전자,이월,14100405.0,13410270.0,15558141.0,14565675.0,12760443.0,9954522.0,9540883.0,5123536,0.0,0.0,0.0,0.0
모베이스전자,매출,4903292.0,7767333.0,4684829.0,5592279.0,4362243.0,5178641.0,5123536.0,3324008,0.0,0.0,0.0,0.0
모베이스전자,수금,5593427.0,5619462.0,5677294.0,7397511.0,7168164.0,5592279.0,9540883.0,0,0.0,0.0,0.0,0.0
모베이스전자,잔액,13410270.0,15558141.0,14565675.0,12760443.0,9954522.0,9540883.0,5123536.0,8447544,0.0,0.0,0.0,0.0
모소디엔엠(구.한성포장),이월,5203704.0,0.0,0.0,4983341.0,0.0,5343360.0,5514366.0,24007984,0.0,0.0,0.0,0.0
모소디엔엠(구.한성포장),매출,0.0,0.0,4983341.0,0.0,5343360.0,5514366.0,24007984.0,5808660,0.0,0.0,0.0,0.0
모소디엔엠(구.한성포장),수금,5203704.0,0.0,0.0,4983341.0,0.0,5343360.0,5514366.0,0,0.0,0.0,0.0,0.0
모소디엔엠(구.한성포장),잔액,0.0,0.0,4983341.0,0.0,5343360.0,5514366.0,24007984.0,29816644,0.0,0.0,0.0,0.0
무한상사,이월,103558400.0,37322120.0,74851040.0,74854120.0,83038780.0,106564238.0,132106832.0,183320599,0.0,0.0,0.0,0.0
무한상사,매출,37322120.0,37528920.0,37325200.0,45713580.0,60850658.0,71256174.0,112064425.0,103254800,0.0,0.0,0.0,0.0
무한상사,수금,103558400.0,0.0,37322120.0,37528920.0,37325200.0,45713580.0,60850658.0,71256174,0.0,0.0,0.0,0.0
무한상사,잔액,37322120.0,74851040.0,74854120.0,83038780.0,106564238.0,132106832.0,183320599.0,215319225,0.0,0.0,0.0,0.0
밀성산업가스,이월,0.0,0.0,0.0,0.0,0.0,0.0,726000.0,0,0.0,0.0,0.0,0.0
밀성산업가스,매출,0.0,0.0,0.0,0.0,0.0,726000.0,0.0,0,0.0,0.0,0.0,0.0
밀성산업가스,수금,0.0,0.0,0.0,0.0,0.0,0.0,726000.0,0,0.0,0.0,0.0,0.0
밀성산업가스,잔액,0.0,0.0,0.0,0.0,0.0,726000.0,0.0,0,0.0,0.0,0.0,0.0
반석리퀴드앤이엔지,이월,5860250.0,5860250.0,11729575.0,5869325.0,0.0,0.0,0.0,0,0.0,0.0,0.0,0.0
반석리퀴드앤이엔지,매출,0.0,5869325.0,0.0,0.0,0.0,0.0,0.0,0,0.0,0.0,0.0,0.0
반석리퀴드앤이엔지,수금,0.0,0.0,5860250.0,5869325.0,0.0,0.0,0.0,0,0.0,0.0,0.0,0.0
반석리퀴드앤이엔지,잔액,5860250.0,11729575.0,5869325.0,0.0,0.0,0.0,0.0,0,0.0,0.0,0.0,0.0
보성엔지니어링(구.신세계),이월,6196023.0,6196023.0,6196023.0,6196023.0,6196023.0,6196023.0,6196023.0,6196023,0.0,0.0,0.0,0.0
보성엔지니어링(구.신세계),매출,0.0,0.0,0.0,0.0,0.0,0.0,0.0,0,0.0,0.0,0.0,0.0
보성엔지니어링(구.신세계),수금,0.0,0.0,0.0,0.0,0.0,0.0,0.0,2196023,0.0,0.0,0.0,0.0
보성엔지니어링(구.신세계),잔액,6196023.0,6196023.0,6196023.0,6196023.0,6196023.0,6196023.0,6196023.0,4000000,0.0,0.0,0.0,0.0
부경가스텍,이월,9426528.0,8762507.0,8343500.0,8185975.0,8972638.0,9369073.0,9482813.0,9429251,0.0,0.0,0.0,0.0
부경가스텍,매출,4377692.0,3965808.0,4220168.0,4752471.0,4616603.0,4730343.0,4698910.0,4676368,0.0,0.0,0.0,0.0
부경가스텍,수금,5041713.0,4384815.0,4377692.0,3965808.0,4220168.0,4616603.0,4752472.0,4730343,0.0,0.0,0.0,0.0
부경가스텍,잔액,8762507.0,8343500.0,8185975.0,8972638.0,9369073.0,9482813.0,9429251.0,9375276,0.0,0.0,0.0,0.0
부림가스,이월,1830895.0,1880120.0,3219920.0,4324100.0,1401565.0,3325630.0,4605370.0,3223000,0.0,0.0,0.0,0.0
부림가스,매출,1880120.0,3219920.0,4324100.0,1401565.0,3325630.0,1279740.0,1943260.0,1458545,0.0,0.0,0.0,0.0
부림가스,수금,1830895.0,1880120.0,3219920.0,4324100.0,1401565.0,0.0,3325630.0,1279740,0.0,0.0,0.0,0.0
부림가스,잔액,1880120.0,3219920.0,4324100.0,1401565.0,3325630.0,4605370.0,3223000.0,3401805,0.0,0.0,0.0,0.0
부성스틸,이월,2887616.0,1273224.0,1549115.0,1291818.0,1341533.0,1311173.0,1374930.0,2796536,0.0,0.0,0.0,0.0
부성스틸,매출,1273223.0,1549114.0,1291818.0,1341533.0,1311173.0,1374929.0,2796536.0,1388211,0.0,0.0,0.0,0.0
부성스틸,수금,2887615.0,1273222.0,1549115.0,1291818.0,1341532.0,1311172.0,1374929.0,0,0.0,0.0,0.0,0.0
부성스틸,잔액,1273224.0,1549115.0,1291818.0,1341533.0,1311173.0,1374930.0,2796536.0,4184747,0.0,0.0,0.0,0.0
비엘티(구.에스앤케이),이월,937200.0,8778836.0,4314882.0,3409230.0,4126749.0,3051290.0,11073964.0,4157703,0.0,0.0,0.0,0.0
비엘티(구.에스앤케이),매출,8778836.0,4314882.0,3409230.0,4126749.0,3051290.0,8022674.0,4157703.0,4090009,0.0,0.0,0.0,0.0
비엘티(구.에스앤케이),수금,937200.0,8778836.0,4314882.0,3409230.0,4126749.0,0.0,11073964.0,4157703,0.0,0.0,0.0,0.0
비엘티(구.에스앤케이),잔액,8778836.0,4314882.0,3409230.0,4126749.0,3051290.0,11073964.0,4157703.0,4090009,0.0,0.0,0.0,0.0
삼보동양,이월,6468000.0,5669950.0,5269990.0,5415520.0,5908650.0,5588000.0,4825810.0,4930310,0.0,0.0,0.0,0.0
삼보동양,매출,2777720.0,2492270.0,2923250.0,2985400.0,2602600.0,2223210.0,2707100.0,1590930,0.0,0.0,0.0,0.0
삼보동양,수금,3575770.0,2892230.0,2777720.0,2492270.0,2923250.0,2985400.0,2602600.0,0,0.0,0.0,0.0,0.0
삼보동양,잔액,5669950.0,5269990.0,5415520.0,5908650.0,5588000.0,4825810.0,4930310.0,6521240,0.0,0.0,0.0,0.0
삼성가스,이월,4796801.0,3888720.0,5429638.0,3848386.0,5683894.0,4441635.0,5677855.0,11409127,0.0,0.0,0.0,0.0
삼성가스,매출,3888720.0,5429639.0,3848386.0,5683894.0,4441635.0,5677855.0,11409127.0,5242824,0.0,0.0,0.0,0.0
삼성가스,수금,4796801.0,3888720.0,5429638.0,3848386.0,5683894.0,4441635.0,5677855.0,11409127,0.0,0.0,0.0,0.0
삼성가스,잔액,3888720.0,5429638.0,3848386.0,5683894.0,4441635.0,5677855.0,11409127.0,5242824,0.0,0.0,0.0,0.0
삼정가스공업,이월,0.0,0.0,0.0,0.0,0.0,0.0,0.0,19246920,0.0,0.0,0.0,0.0
삼정가스공업,매출,0.0,0.0,0.0,0.0,0.0,0.0,19246920.0,19410160,0.0,0.0,0.0,0.0
삼정가스공업,수금,0.0,0.0,0.0,0.0,0.0,0.0,0.0,0,0.0,0.0,0.0,0.0
삼정가스공업,잔액,0.0,0.0,0.0,0.0,0.0,0.0,19246920.0,38657080,0.0,0.0,0.0,0.0
삼정특수가스,이월,,0.0,0.0,0.0,0.0,0.0,1137400.0,0,0.0,0.0,0.0,0.0
삼정특수가스,매출,0.0,0.0,0.0,0.0,0.0,1137400.0,0.0,0,0.0,0.0,0.0,0.0
삼정특수가스,수금,0.0,0.0,0.0,0.0,0.0,0.0,1137400.0,0,0.0,0.0,0.0,0.0
삼정특수가스,잔액,0.0,0.0,0.0,0.0,0.0,1137400.0,0.0,0,0.0,0.0,0.0,0.0
서부모터펌프,이월,,70400.0,0.0,0.0,0.0,0.0,0.0,0,0.0,0.0,0.0,0.0
서부모터펌프,매출,70400.0,0.0,0.0,0.0,0.0,0.0,0.0,0,0.0,0.0,0.0,0.0
서부모터펌프,수금,0.0,70400.0,0.0,0.0,0.0,0.0,0.0,0,0.0,0.0,0.0,0.0
서부모터펌프,잔액,70400.0,0.0,0.0,0.0,0.0,0.0,0.0,0,0.0,0.0,0.0,0.0
서울특수가스,이월,31190523.0,11190523.0,11190523.0,11190523.0,-1.0,-1.0,-1.0,0,0.0,0.0,0.0,0.0
서울특수가스,매출,0.0,0.0,0.0,0.0,0.0,0.0,1.0,0,0.0,0.0,0.0,0.0
서울특수가스,수금,20000000.0,0.0,0.0,11190523.0,0.0,0.0,0.0,0,0.0,0.0,0.0,0.0
서울특수가스,잔액,11190523.0,11190523.0,11190523.0,-1.0,-1.0,-1.0,0.0,0,0.0,0.0,0.0,0.0
서원플랜트(태성이엔지),이월,2319310.0,2319310.0,2319310.0,2319310.0,2319310.0,2319310.0,2319310.0,2319310,0.0,0.0,0.0,0.0
서원플랜트(태성이엔지),매출,0.0,0.0,0.0,0.0,0.0,0.0,0.0,0,0.0,0.0,0.0,0.0
서원플랜트(태성이엔지),수금,0.0,0.0,0.0,0.0,0.0,0.0,0.0,0,0.0,0.0,0.0,0.0
서원플랜트(태성이엔지),잔액,2319310.0,2319310.0,2319310.0,2319310.0,2319310.0,2319310.0,2319310.0,2319310,0.0,0.0,0.0,0.0
세광산업1공장,이월,882200.0,3426500.0,479600.0,1229800.0,2120800.0,3494700.0,3305500.0,1133000,0.0,0.0,0.0,0.0
세광산업1공장,매출,3426500.0,479600.0,1229800.0,2120800.0,3494700.0,3305500.0,1133000.0,745800,0.0,0.0,0.0,0.0
세광산업1공장,수금,882200.0,3426500.0,479600.0,1229800.0,2120800.0,3494700.0,3305500.0,0,0.0,0.0,0.0,0.0
세광산업1공장,잔액,3426500.0,479600.0,1229800.0,2120800.0,3494700.0,3305500.0,1133000.0,1878800,0.0,0.0,0.0,0.0
세종산업가스,이월,14471973.0,14911083.0,20543547.0,21961557.0,22647150.0,27423610.0,26519710.0,34336235,0.0,0.0,0.0,0.0
세종산업가스,매출,14911083.0,20543547.0,21961557.0,22647150.0,27423609.0,26519711.0,34336236.0,20403018,0.0,0.0,0.0,0.0
세종산업가스,수금,14471973.0,14911083.0,20543547.0,21961557.0,22647150.0,27423610.0,26519711.0,34336236,0.0,0.0,0.0,0.0
세종산업가스,잔액,14911083.0,20543547.0,21961557.0,22647150.0,27423610.0,26519710.0,34336235.0,20403017,0.0,0.0,0.0,0.0
세진가스A,이월,1683857.0,1563978.0,1563978.0,1540000.0,1827958.0,2252998.0,5977840.0,5922400,0.0,0.0,0.0,0.0
세진가스A,매출,23980.0,0.0,0.0,287958.0,425040.0,4012800.0,369600.0,0,0.0,0.0,0.0,0.0
세진가스A,수금,143859.0,0.0,23978.0,0.0,0.0,287958.0,425040.0,0,0.0,0.0,0.0,0.0
세진가스A,잔액,1563978.0,1563978.0,1540000.0,1827958.0,2252998.0,5977840.0,5922400.0,5922400,0.0,0.0,0.0,0.0
세진가스텍(매크로드)구.태경,이월,71128.0,213383.0,355637.0,284508.0,426762.0,713508.0,500500.0,143000,0.0,0.0,0.0,0.0
세진가스텍(매크로드)구.태경,매출,213381.0,142254.0,142254.0,284508.0,429000.0,71500.0,71500.0,0,0.0,0.0,0.0,0.0
세진가스텍(매크로드)구.태경,수금,71127.0,0.0,213383.0,142254.0,142254.0,284508.0,429000.0,0,0.0,0.0,0.0,0.0
세진가스텍(매크로드)구.태경,잔액,213383.0,355637.0,284508.0,426762.0,713508.0,500500.0,143000.0,143000,0.0,0.0,0.0,0.0
세진가스텍(명성중공업),이월,2835882.0,3491469.0,2787274.0,3220795.0,3111061.0,2577764.0,3212242.0,2246772,0.0,0.0,0.0,0.0
세진가스텍(명성중공업),매출,1945247.0,842028.0,2378767.0,732294.0,1845470.0,1366772.0,880000.0,1436204,0.0,0.0,0.0,0.0
세진가스텍(명성중공업),수금,1289660.0,1546223.0,1945245.0,842028.0,2378767.0,732294.0,1845470.0,0,0.0,0.0,0.0,0.0
세진가스텍(명성중공업),잔액,3491469.0,2787274.0,3220795.0,3111061.0,2577764.0,3212242.0,2246772.0,3682976,0.0,0.0,0.0,0.0
세진가스텍(성호에스엔비),이월,103934.0,41574.0,1.0,0.0,0.0,0.0,-20787.0,-20787,0.0,0.0,0.0,0.0
세진가스텍(성호에스엔비),매출,0.0,0.0,0.0,0.0,0.0,-20787.0,0.0,0,0.0,0.0,0.0,0.0
세진가스텍(성호에스엔비),수금,62360.0,41573.0,1.0,0.0,0.0,0.0,0.0,0,0.0,0.0,0.0,0.0
세진가스텍(성호에스엔비),잔액,41574.0,1.0,0.0,0.0,0.0,-20787.0,-20787.0,-20787,0.0,0.0,0.0,0.0
세진가스텍(세양H&S),이월,2406120.0,2493230.0,2383690.0,2433839.0,2691196.0,2556816.0,2365880.0,2529560,0.0,0.0,0.0,0.0
세진가스텍(세양H&S),매출,1315350.0,1068339.0,1365500.0,1325696.0,1231120.0,1134760.0,1394800.0,980650,0.0,0.0,0.0,0.0
세진가스텍(세양H&S),수금,1228240.0,1177879.0,1315351.0,1068339.0,1365500.0,1325696.0,1231120.0,0,0.0,0.0,0.0,0.0
세진가스텍(세양H&S),잔액,2493230.0,2383690.0,2433839.0,2691196.0,2556816.0,2365880.0,2529560.0,3510210,0.0,0.0,0.0,0.0
세진가스텍(세종기공),이월,262200.0,234300.0,292875.0,395301.0,512451.0,373450.0,140140.0,180180,0.0,0.0,0.0,0.0
세진가스텍(세종기공),매출,136675.0,156200.0,239100.0,273350.0,100100.0,40040.0,140140.0,40040,0.0,0.0,0.0,0.0
세진가스텍(세종기공),수금,164575.0,97625.0,136675.0,156200.0,239101.0,273350.0,100100.0,0,0.0,0.0,0.0,0.0
세진가스텍(세종기공),잔액,234300.0,292875.0,395301.0,512451.0,373450.0,140140.0,180180.0,220220,0.0,0.0,0.0,0.0
승우산업,이월,2578015.0,2205500.0,2848285.0,3122334.0,2205500.0,2982980.0,2205500.0,4736160,0.0,0.0,0.0,0.0
승우산업,매출,2205500.0,2848285.0,3122334.0,2205500.0,2982980.0,2205500.0,2530660.0,1554559,0.0,0.0,0.0,0.0
승우산업,수금,2578015.0,2205500.0,2848285.0,3122334.0,2205500.0,2982980.0,0.0,2205500,0.0,0.0,0.0,0.0
승우산업,잔액,2205500.0,2848285.0,3122334.0,2205500.0,2982980.0,2205500.0,4736160.0,4085218,0.0,0.0,0.0,0.0
신비오켐,이월,3263117.0,3599497.0,2400090.0,0.0,0.0,0.0,0.0,0,0.0,0.0,0.0,0.0
신비오켐,매출,3599497.0,2400090.0,0.0,0.0,0.0,0.0,0.0,0,0.0,0.0,0.0,0.0
신비오켐,수금,3263117.0,3599497.0,2400090.0,0.0,0.0,0.0,0.0,0,0.0,0.0,0.0,0.0
신비오켐,잔액,3599497.0,2400090.0,0.0,0.0,0.0,0.0,0.0,0,0.0,0.0,0.0,0.0
신아기계,이월,124300.0,290400.0,269500.0,76230.0,425480.0,134310.0,1165230.0,1013540,0.0,0.0,0.0,0.0
신아기계,매출,290400.0,269500.0,76230.0,425480.0,134310.0,1165230.0,1013540.0,93500,0.0,0.0,0.0,0.0
신아기계,수금,124300.0,290400.0,269500.0,76230.0,425480.0,134310.0,1165230.0,0,0.0,0.0,0.0,0.0
신아기계,잔액,290400.0,269500.0,76230.0,425480.0,134310.0,1165230.0,1013540.0,1107040,0.0,0.0,0.0,0.0
씨에스가스텍,이월,16377823.0,8955540.0,16206520.0,14103820.0,16461060.0,11333740.0,15223010.0,19777450,0.0,0.0,0.0,0.0
씨에스가스텍,매출,8955540.0,16206520.0,9103820.0,16461060.0,11333740.0,15223010.0,19777450.0,14562240,0.0,0.0,0.0,0.0
씨에스가스텍,수금,16377823.0,8955540.0,11206520.0,14103820.0,16461060.0,11333740.0,15223010.0,0,0.0,0.0,0.0,0.0
씨에스가스텍,잔액,8955540.0,16206520.0,14103820.0,16461060.0,11333740.0,15223010.0,19777450.0,34339690,0.0,0.0,0.0,0.0
아이스푸드앤바인(구.바인컴퍼니),이월,60053840.0,46570480.0,47554540.0,82521780.0,126173300.0,160729382.0,169648292.0,241989550,0.0,0.0,0.0,0.0
아이스푸드앤바인(구.바인컴퍼니),매출,46570480.0,47554540.0,82521780.0,126173300.0,160729382.0,169648292.0,241989550.0,283160625,0.0,0.0,0.0,0.0
아이스푸드앤바인(구.바인컴퍼니),수금,60053840.0,46570480.0,47554540.0,82521780.0,126173300.0,160729382.0,169648292.0,241989550,0.0,0.0,0.0,0.0
아이스푸드앤바인(구.바인컴퍼니),잔액,46570480.0,47554540.0,82521780.0,126173300.0,160729382.0,169648292.0,241989550.0,283160625,0.0,0.0,0.0,0.0
에니스,이월,87641642.0,52704575.0,40249638.0,46854247.0,88445456.0,82753176.0,98530300.0,145227225,0.0,0.0,0.0,0.0
에니스,매출,52704575.0,40249638.0,46854247.0,88445456.0,82753176.0,98530300.0,145227225.0,96904225,0.0,0.0,0.0,0.0
에니스,수금,87641642.0,52704575.0,40249638.0,46854247.0,88445456.0,82753176.0,98530300.0,0,0.0,0.0,0.0,0.0
에니스,잔액,52704575.0,40249638.0,46854247.0,88445456.0,82753176.0,98530300.0,145227225.0,242131450,0.0,0.0,0.0,0.0
에스앤디 주식회사,이월,2337500.0,1187450.0,1169905.0,0.0,0.0,0.0,0.0,9919305,0.0,0.0,0.0,0.0
에스앤디 주식회사,매출,1187450.0,1169905.0,0.0,0.0,0.0,0.0,9919305.0,0,0.0,0.0,0.0,0.0
에스앤디 주식회사,수금,2337500.0,1187450.0,1169905.0,0.0,0.0,0.0,0.0,0,0.0,0.0,0.0,0.0
에스앤디 주식회사,잔액,1187450.0,1169905.0,0.0,0.0,0.0,0.0,9919305.0,9919305,0.0,0.0,0.0,0.0
에스앤케이.,이월,0.0,0.0,0.0,0.0,4811070.0,7048800.0,5498460.0,8667373,0.0,0.0,0.0,0.0
에스앤케이.,매출,0.0,0.0,0.0,4811070.0,7048800.0,5498460.0,8667373.0,1446984,0.0,0.0,0.0,0.0
에스앤케이.,수금,0.0,0.0,0.0,0.0,4811070.0,7048800.0,5498460.0,8667373,0.0,0.0,0.0,0.0
에스앤케이.,잔액,0.0,0.0,0.0,4811070.0,7048800.0,5498460.0,8667373.0,1446984,0.0,0.0,0.0,0.0
에스에이치코리아,이월,,0.0,0.0,0.0,0.0,1187472.0,0.0,0,0.0,0.0,0.0,0.0
에스에이치코리아,매출,0.0,0.0,0.0,0.0,1187472.0,0.0,0.0,1141800,0.0,0.0,0.0,0.0
에스에이치코리아,수금,0.0,0.0,0.0,0.0,0.0,1187472.0,0.0,0,0.0,0.0,0.0,0.0
에스에이치코리아,잔액,0.0,0.0,0.0,0.0,1187472.0,0.0,0.0,1141800,0.0,0.0,0.0,0.0
에어퍼스트,이월,,0.0,0.0,0.0,0.0,0.0,9223214.0,21629916,0.0,0.0,0.0,0.0
에어퍼스트,매출,0.0,0.0,0.0,0.0,0.0,9223214.0,12406702.0,5135768,0.0,0.0,0.0,0.0
에어퍼스트,수금,0.0,0.0,0.0,0.0,0.0,0.0,0.0,0,0.0,0.0,0.0,0.0
에어퍼스트,잔액,0.0,0.0,0.0,0.0,0.0,9223214.0,21629916.0,26765684,0.0,0.0,0.0,0.0
에이원의료기산업,이월,5772800.0,4066700.0,5177700.0,7022400.0,5201900.0,6382200.0,5176600.0,2032800,0.0,0.0,0.0,0.0
에이원의료기산업,매출,1843600.0,1111000.0,1844700.0,2246200.0,1180300.0,1750100.0,2032800.0,1277100,0.0,0.0,0.0,0.0
에이원의료기산업,수금,3549700.0,0.0,0.0,4066700.0,0.0,2955700.0,5176600.0,0,0.0,0.0,0.0,0.0
에이원의료기산업,잔액,4066700.0,5177700.0,7022400.0,5201900.0,6382200.0,5176600.0,2032800.0,3309900,0.0,0.0,0.0,0.0
에이치엘비생명과학,이월,0.0,0.0,0.0,0.0,0.0,0.0,1540000.0,33924000,0.0,0.0,0.0,0.0
에이치엘비생명과학,매출,0.0,0.0,0.0,0.0,0.0,1540000.0,33924000.0,0,0.0,0.0,0.0,0.0
에이치엘비생명과학,수금,0.0,0.0,0.0,0.0,0.0,0.0,1540000.0,0,0.0,0.0,0.0,0.0
에이치엘비생명과학,잔액,0.0,0.0,0.0,0.0,0.0,1540000.0,33924000.0,33924000,0.0,0.0,0.0,0.0
에이치이엠씨,이월,,0.0,0.0,0.0,0.0,0.0,0.0,2079000,0.0,0.0,0.0,0.0
에이치이엠씨,매출,0.0,0.0,0.0,0.0,0.0,0.0,2079000.0,264000,0.0,0.0,0.0,0.0
에이치이엠씨,수금,0.0,0.0,0.0,0.0,0.0,0.0,0.0,0,0.0,0.0,0.0,0.0
에이치이엠씨,잔액,0.0,0.0,0.0,0.0,0.0,0.0,2079000.0,2343000,0.0,0.0,0.0,0.0
엔케이철강,이월,793782.0,1510652.0,796180.0,808060.0,1591040.0,3026540.0,1493800.0,771100,0.0,0.0,0.0,0.0
엔케이철강,매출,1510652.0,796180.0,808060.0,1591040.0,1435500.0,1493800.0,771100.0,669900,0.0,0.0,0.0,0.0
엔케이철강,수금,793782.0,1510652.0,796180.0,808060.0,0.0,3026540.0,1493800.0,0,0.0,0.0,0.0,0.0
엔케이철강,잔액,1510652.0,796180.0,808060.0,1591040.0,3026540.0,1493800.0,771100.0,1441000,0.0,0.0,0.0,0.0
엔투,이월,54780.0,174020.0,109560.0,73040.0,320100.0,73040.0,164340.0,158620,0.0,0.0,0.0,0.0
엔투,매출,174020.0,109560.0,73040.0,320100.0,73040.0,164340.0,158620.0,146080,0.0,0.0,0.0,0.0
엔투,수금,54780.0,174020.0,109560.0,73040.0,320100.0,73040.0,164340.0,158620,0.0,0.0,0.0,0.0
엔투,잔액,174020.0,109560.0,73040.0,320100.0,73040.0,164340.0,158620.0,146080,0.0,0.0,0.0,0.0
엔티에스(김포),이월,342000.0,874400.0,107800.0,261800.0,400400.0,491700.0,1024100.0,623700,0.0,0.0,0.0,0.0
엔티에스(김포),매출,532400.0,107800.0,154000.0,138600.0,91300.0,532400.0,0.0,0,0.0,0.0,0.0,0.0
엔티에스(김포),수금,0.0,874400.0,0.0,0.0,0.0,0.0,400400.0,0,0.0,0.0,0.0,0.0
엔티에스(김포),잔액,874400.0,107800.0,261800.0,400400.0,491700.0,1024100.0,623700.0,623700,0.0,0.0,0.0,0.0
엘에스와이산업가스,이월,146486627.0,146394062.0,118891487.0,132093979.0,153729241.0,139921958.0,156821978.0,188546182,0.0,0.0,0.0,0.0
엘에스와이산업가스,매출,67007672.0,51883816.0,80210163.0,73519078.0,66402881.0,90419098.0,98127084.0,52688543,0.0,0.0,0.0,0.0
엘에스와이산업가스,수금,67100237.0,79386390.0,67007671.0,51883816.0,80210163.0,73519078.0,66402880.0,0,0.0,0.0,0.0,0.0
엘에스와이산업가스,잔액,146394062.0,118891487.0,132093979.0,153729241.0,139921958.0,156821978.0,188546182.0,241234725,0.0,0.0,0.0,0.0
엠에스동민특수가스,이월,7968522.0,7011096.0,7308392.0,6726001.0,7365072.0,7995841.0,5069837.0,5167517,0.0,0.0,0.0,0.0
엠에스동민특수가스,매출,5617088.0,5632717.0,6115501.0,6466416.0,6220507.0,3916968.0,4381192.0,4715014,0.0,0.0,0.0,0.0
엠에스동민특수가스,수금,6574514.0,5335422.0,6697891.0,5827345.0,5589738.0,6842972.0,4283512.0,0,0.0,0.0,0.0,0.0
엠에스동민특수가스,잔액,7011096.0,7308392.0,6726001.0,7365072.0,7995841.0,5069837.0,5167517.0,9882531,0.0,0.0,0.0,0.0
엠제이쿼츠,이월,1784200.0,1844700.0,3661570.0,3777730.0,2666510.0,4125110.0,5212680.0,4629240,0.0,0.0,0.0,0.0
엠제이쿼츠,매출,952600.0,1816870.0,1008260.0,1658250.0,3116850.0,4204420.0,4629240.0,0,0.0,0.0,0.0,0.0
엠제이쿼츠,수금,892100.0,0.0,892100.0,2769470.0,1658250.0,3116850.0,5212680.0,0,0.0,0.0,0.0,0.0
엠제이쿼츠,잔액,1844700.0,3661570.0,3777730.0,2666510.0,4125110.0,5212680.0,4629240.0,4629240,0.0,0.0,0.0,0.0
영신방재,이월,3284160.0,4703490.0,6610890.0,7324460.0,9718280.0,7728270.0,4005980.0,6174740,0.0,0.0,0.0,0.0
영신방재,매출,1419330.0,2237400.0,3667730.0,2393820.0,1666720.0,2339260.0,2168760.0,1494680,0.0,0.0,0.0,0.0
영신방재,수금,0.0,330000.0,2954160.0,0.0,3656730.0,6061550.0,0.0,1588070,0.0,0.0,0.0,0.0
영신방재,잔액,4703490.0,6610890.0,7324460.0,9718280.0,7728270.0,4005980.0,6174740.0,6081350,0.0,0.0,0.0,0.0
영신에프엔씨,이월,7308059.0,6409590.0,6130729.0,7595489.0,8574159.0,7508380.0,8239220.0,5516500,0.0,0.0,0.0,0.0
영신에프엔씨,매출,1640100.0,1476299.0,3102660.0,2685100.0,1720620.0,2513500.0,1282380.0,1683000,0.0,0.0,0.0,0.0
영신에프엔씨,수금,2538569.0,1755160.0,1637900.0,1706430.0,2786399.0,1782660.0,4005100.0,1720620,0.0,0.0,0.0,0.0
영신에프엔씨,잔액,6409590.0,6130729.0,7595489.0,8574159.0,7508380.0,8239220.0,5516500.0,5478880,0.0,0.0,0.0,0.0
영신코아스,이월,1953600.0,2256100.0,2058100.0,1998700.0,2353670.0,2555410.0,2824360.0,3302640,0.0,0.0,0.0,0.0
영신코아스,매출,796400.0,429000.0,773300.0,995170.0,740740.0,979770.0,1453540.0,929060,0.0,0.0,0.0,0.0
영신코아스,수금,493900.0,627000.0,832700.0,640200.0,539000.0,710820.0,975260.0,814990,0.0,0.0,0.0,0.0
영신코아스,잔액,2256100.0,2058100.0,1998700.0,2353670.0,2555410.0,2824360.0,3302640.0,3416710,0.0,0.0,0.0,0.0
예성이엔지(당진),이월,134200.0,0.0,0.0,0.0,0.0,0.0,0.0,0,0.0,0.0,0.0,0.0
예성이엔지(당진),매출,0.0,0.0,0.0,0.0,0.0,0.0,0.0,0,0.0,0.0,0.0,0.0
예성이엔지(당진),수금,134200.0,0.0,0.0,0.0,0.0,0.0,0.0,0,0.0,0.0,0.0,0.0
예성이엔지(당진),잔액,0.0,0.0,0.0,0.0,0.0,0.0,0.0,0,0.0,0.0,0.0,0.0
예성이엔지(아산),이월,2140314.0,1598487.0,1563540.0,924000.0,0.0,0.0,1969022.0,4432725,0.0,0.0,0.0,0.0
예성이엔지(아산),매출,1594087.0,1559140.0,919600.0,0.0,0.0,1969022.0,2463703.0,0,0.0,0.0,0.0,0.0
예성이엔지(아산),수금,2135914.0,1594087.0,1559140.0,924000.0,0.0,0.0,0.0,0,0.0,0.0,0.0,0.0
예성이엔지(아산),잔액,1598487.0,1563540.0,924000.0,0.0,0.0,1969022.0,4432725.0,4432725,0.0,0.0,0.0,0.0
예성이엔지(오산),이월,184800.0,290400.0,132000.0,44000.0,0.0,0.0,0.0,0,0.0,0.0,0.0,0.0
예성이엔지(오산),매출,290400.0,132000.0,44000.0,0.0,0.0,0.0,0.0,0,0.0,0.0,0.0,0.0
예성이엔지(오산),수금,184800.0,290400.0,132000.0,44000.0,0.0,0.0,0.0,0,0.0,0.0,0.0,0.0
예성이엔지(오산),잔액,290400.0,132000.0,44000.0,0.0,0.0,0.0,0.0,0,0.0,0.0,0.0,0.0
오비맥주(용역운송),이월,0.0,0.0,1169850.0,1169850.0,1169850.0,1169850.0,0.0,0,0.0,0.0,0.0,0.0
오비맥주(용역운송),매출,0.0,1169850.0,0.0,0.0,0.0,0.0,0.0,0,0.0,0.0,0.0,0.0
오비맥주(용역운송),수금,0.0,0.0,0.0,0.0,0.0,1169850.0,0.0,0,0.0,0.0,0.0,0.0
오비맥주(용역운송),잔액,0.0,1169850.0,1169850.0,1169850.0,1169850.0,0.0,0.0,0,0.0,0.0,0.0,0.0
용역운송(OB맥주-신비오),이월,,4263160.0,0.0,5728800.0,13776840.0,0.0,0.0,2833380,0.0,0.0,0.0,0.0
용역운송(OB맥주-신비오),매출,4263160.0,0.0,5728800.0,13776840.0,0.0,0.0,2833380.0,2855820,0.0,0.0,0.0,0.0
용역운송(OB맥주-신비오),수금,0.0,4263160.0,0.0,5728800.0,13776840.0,0.0,0.0,2833380,0.0,0.0,0.0,0.0
용역운송(OB맥주-신비오),잔액,4263160.0,0.0,5728800.0,13776840.0,0.0,0.0,2833380.0,2855820,0.0,0.0,0.0,0.0
용역운송(쿠팡-신비오케미컬),이월,,0.0,0.0,0.0,0.0,0.0,0.0,0,0.0,0.0,0.0,0.0
용역운송(쿠팡-신비오케미컬),매출,0.0,0.0,0.0,0.0,0.0,0.0,0.0,18536210,0.0,0.0,0.0,0.0
용역운송(쿠팡-신비오케미컬),수금,0.0,0.0,0.0,0.0,0.0,0.0,0.0,0,0.0,0.0,0.0,0.0
용역운송(쿠팡-신비오케미컬),잔액,0.0,0.0,0.0,0.0,0.0,0.0,0.0,18536210,0.0,0.0,0.0,0.0
용진,이월,,0.0,0.0,0.0,0.0,0.0,0.0,0,0.0,0.0,0.0,0.0
용진,매출,0.0,0.0,0.0,0.0,0.0,330000.0,0.0,0,0.0,0.0,0.0,0.0
용진,수금,0.0,0.0,0.0,0.0,0.0,330000.0,0.0,0,0.0,0.0,0.0,0.0
용진,잔액,0.0,0.0,0.0,0.0,0.0,0.0,0.0,0,0.0,0.0,0.0,0.0
우창산업건설(주),이월,1401840.0,2119260.0,1702404.0,822470.0,3632200.0,7217210.0,8994260.0,7953616,0.0,0.0,0.0,0.0
우창산업건설(주),매출,717420.0,984984.0,822470.0,2809730.0,4407480.0,4586780.0,3366836.0,1935384,0.0,0.0,0.0,0.0
우창산업건설(주),수금,0.0,1401840.0,1702404.0,0.0,822470.0,2809730.0,4407480.0,4586780,0.0,0.0,0.0,0.0
우창산업건설(주),잔액,2119260.0,1702404.0,822470.0,3632200.0,7217210.0,8994260.0,7953616.0,5302220,0.0,0.0,0.0,0.0
원이엔지,이월,1305700.0,1366950.0,1630950.0,2028050.0,1111000.0,2023450.0,3190550.0,2818050,0.0,0.0,0.0,0.0
원이엔지,매출,760100.0,264000.0,397100.0,713900.0,912450.0,1167100.0,1127500.0,972400,0.0,0.0,0.0,0.0
원이엔지,수금,698850.0,0.0,0.0,1630950.0,0.0,0.0,1500000.0,0,0.0,0.0,0.0,0.0
원이엔지,잔액,1366950.0,1630950.0,2028050.0,1111000.0,2023450.0,3190550.0,2818050.0,3790450,0.0,0.0,0.0,0.0
위드산업조명,이월,634700.0,1258400.0,306900.0,629200.0,702900.0,1179200.0,465300.0,619300,0.0,0.0,0.0,0.0
위드산업조명,매출,623700.0,306900.0,629200.0,702900.0,476300.0,465300.0,619300.0,195800,0.0,0.0,0.0,0.0
위드산업조명,수금,0.0,1258400.0,306900.0,629200.0,0.0,1179200.0,465300.0,0,0.0,0.0,0.0,0.0
위드산업조명,잔액,1258400.0,306900.0,629200.0,702900.0,1179200.0,465300.0,619300.0,815100,0.0,0.0,0.0,0.0
유니온가스,이월,3637700.0,5303232.0,6642867.0,5617513.0,5757180.0,6108003.0,7724904.0,10343498,0.0,0.0,0.0,0.0
유니온가스,매출,5303232.0,6642867.0,5617513.0,5757180.0,6108003.0,7724904.0,10343498.0,2812623,0.0,0.0,0.0,0.0
유니온가스,수금,3637700.0,5303232.0,6642867.0,5617513.0,5757180.0,6108003.0,7724904.0,10343498,0.0,0.0,0.0,0.0
유니온가스,잔액,5303232.0,6642867.0,5617513.0,5757180.0,6108003.0,7724904.0,10343498.0,2812623,0.0,0.0,0.0,0.0
유엔씨테크,이월,8999991.0,8957986.0,8422923.0,6344425.0,10201713.0,7202821.0,7569006.0,7602095,0.0,0.0,0.0,0.0
유엔씨테크,매출,7649065.0,5492526.0,5783338.0,9050630.0,4751126.0,6375991.0,6898601.0,4413596,0.0,0.0,0.0,0.0
유엔씨테크,수금,7691070.0,6027588.0,7861836.0,5193342.0,7750017.0,6009806.0,6865511.0,4897112,0.0,0.0,0.0,0.0
유엔씨테크,잔액,8957986.0,8422923.0,6344425.0,10201713.0,7202821.0,7569006.0,7602095.0,7118579,0.0,0.0,0.0,0.0
유진화학(안중),이월,0.0,0.0,0.0,0.0,0.0,0.0,701800.0,968000,0.0,0.0,0.0,0.0
유진화학(안중),매출,0.0,0.0,0.0,0.0,0.0,701800.0,968000.0,0,0.0,0.0,0.0,0.0
유진화학(안중),수금,0.0,0.0,0.0,0.0,0.0,0.0,701800.0,0,0.0,0.0,0.0,0.0
유진화학(안중),잔액,0.0,0.0,0.0,0.0,0.0,701800.0,968000.0,968000,0.0,0.0,0.0,0.0
유한가스화학(주),이월,,5097439.0,9128911.0,8989217.0,6688176.0,4143744.0,4714336.0,4336816,0.0,0.0,0.0,0.0
유한가스화학(주),매출,5097439.0,4031473.0,4957744.0,6688176.0,4143744.0,4714336.0,4336816.0,2391840,0.0,0.0,0.0,0.0
유한가스화학(주),수금,0.0,0.0,5097438.0,8989217.0,6688176.0,4143744.0,4714336.0,0,0.0,0.0,0.0,0.0
유한가스화학(주),잔액,5097439.0,9128911.0,8989217.0,6688176.0,4143744.0,4714336.0,4336816.0,6728656,0.0,0.0,0.0,0.0
유한에프앤디(구.유한산업),이월,118034400.0,118034400.0,118034400.0,118034400.0,118034400.0,118034400.0,118034400.0,118034400,0.0,0.0,0.0,0.0
유한에프앤디(구.유한산업),매출,0.0,0.0,0.0,0.0,0.0,0.0,0.0,0,0.0,0.0,0.0,0.0
유한에프앤디(구.유한산업),수금,0.0,0.0,0.0,0.0,0.0,0.0,0.0,0,0.0,0.0,0.0,0.0
유한에프앤디(구.유한산업),잔액,118034400.0,118034400.0,118034400.0,118034400.0,118034400.0,118034400.0,118034400.0,118034400,0.0,0.0,0.0,0.0
윤익스디티에스,이월,44734151.0,84803004.0,70902414.0,35984575.0,61130828.0,158701840.0,99719730.0,149808450,0.0,0.0,0.0,0.0
윤익스디티에스,매출,40068853.0,30833561.0,35984575.0,61130828.0,97571012.0,99719730.0,149808450.0,160772700,0.0,0.0,0.0,0.0
윤익스디티에스,수금,0.0,44734151.0,70902414.0,35984575.0,0.0,158701840.0,99719730.0,0,0.0,0.0,0.0,0.0
윤익스디티에스,잔액,84803004.0,70902414.0,35984575.0,61130828.0,158701840.0,99719730.0,149808450.0,310581150,0.0,0.0,0.0,0.0
이엔에이치,이월,0.0,873400.0,1005400.0,0.0,0.0,446600.0,0.0,0,0.0,0.0,0.0,0.0
이엔에이치,매출,873400.0,132000.0,0.0,0.0,446600.0,0.0,0.0,0,0.0,0.0,0.0,0.0
이엔에이치,수금,0.0,0.0,1005400.0,0.0,0.0,446600.0,0.0,0,0.0,0.0,0.0,0.0
이엔에이치,잔액,873400.0,1005400.0,0.0,0.0,446600.0,0.0,0.0,0,0.0,0.0,0.0,0.0
일광잉크페인트,이월,1581646.0,3161048.0,1671340.0,2999431.0,3081045.0,1562000.0,3053710.0,3100570,0.0,0.0,0.0,0.0
일광잉크페인트,매출,3161048.0,1671340.0,2999431.0,3081045.0,1562000.0,3053710.0,3100570.0,3124000,0.0,0.0,0.0,0.0
일광잉크페인트,수금,1581646.0,3161048.0,1671340.0,2999431.0,3081045.0,1562000.0,3053710.0,3100570,0.0,0.0,0.0,0.0
일광잉크페인트,잔액,3161048.0,1671340.0,2999431.0,3081045.0,1562000.0,3053710.0,3100570.0,3124000,0.0,0.0,0.0,0.0
일영랩,이월,2805000.0,0.0,2299000.0,3487000.0,5445000.0,2574000.0,5621000.0,1641000,0.0,0.0,0.0,0.0
일영랩,매출,0.0,2299000.0,1188000.0,1958000.0,616000.0,3047000.0,1463000.0,957000,0.0,0.0,0.0,0.0
일영랩,수금,2805000.0,0.0,0.0,0.0,3487000.0,0.0,5443000.0,0,0.0,0.0,0.0,0.0
일영랩,잔액,0.0,2299000.0,3487000.0,5445000.0,2574000.0,5621000.0,1641000.0,2598000,0.0,0.0,0.0,0.0
재원인더스트리,이월,-132000.0,-132000.0,26400.0,26400.0,801900.0,801900.0,158400.0,301070,0.0,0.0,0.0,0.0
재원인더스트리,매출,0.0,158400.0,0.0,801900.0,0.0,158400.0,142670.0,0,0.0,0.0,0.0,0.0
재원인더스트리,수금,0.0,0.0,0.0,26400.0,0.0,801900.0,0.0,158400,0.0,0.0,0.0,0.0
재원인더스트리,잔액,-132000.0,26400.0,26400.0,801900.0,801900.0,158400.0,301070.0,142670,0.0,0.0,0.0,0.0
정도레이저,이월,3779380.0,2884420.0,5616550.0,2342846.0,1084369.0,983125.0,898255.0,975381,0.0,0.0,0.0,0.0
정도레이저,매출,2884420.0,2732131.0,2342846.0,1084369.0,983125.0,898255.0,975381.0,0,0.0,0.0,0.0,0.0
정도레이저,수금,3779380.0,0.0,5616550.0,2342846.0,1084369.0,983125.0,898255.0,0,0.0,0.0,0.0,0.0
정도레이저,잔액,2884420.0,5616550.0,2342846.0,1084369.0,983125.0,898255.0,975381.0,975381,0.0,0.0,0.0,0.0
정아유압,이월,1386220.0,1281236.0,1469996.0,1022340.0,1595990.0,1372580.0,1795090.0,1870110,0.0,0.0,0.0,0.0
정아유압,매출,998096.0,792792.0,739200.0,1222540.0,1021020.0,1464210.0,1518550.0,753390,0.0,0.0,0.0,0.0
정아유압,수금,1103080.0,604032.0,1186856.0,648890.0,1244430.0,1041700.0,1443530.0,1022230,0.0,0.0,0.0,0.0
정아유압,잔액,1281236.0,1469996.0,1022340.0,1595990.0,1372580.0,1795090.0,1870110.0,1601270,0.0,0.0,0.0,0.0
제원산업,이월,6342699.0,5484617.0,9722037.0,5490523.0,5092207.0,4818912.0,3801599.0,6774570,0.0,0.0,0.0,0.0
제원산업,매출,5484617.0,4237420.0,5490524.0,5092208.0,4818913.0,3801600.0,6774570.0,2662000,0.0,0.0,0.0,0.0
제원산업,수금,6342699.0,0.0,9722037.0,5490524.0,5092208.0,4818913.0,3801599.0,0,0.0,0.0,0.0,0.0
제원산업,잔액,5484617.0,9722037.0,5490523.0,5092207.0,4818912.0,3801599.0,6774570.0,9436570,0.0,0.0,0.0,0.0
제이아이금속,이월,0.0,0.0,0.0,0.0,0.0,0.0,0.0,0,0.0,0.0,0.0,0.0
제이아이금속,매출,0.0,0.0,0.0,0.0,0.0,0.0,0.0,6509250,0.0,0.0,0.0,0.0
제이아이금속,수금,0.0,0.0,0.0,0.0,0.0,0.0,0.0,0,0.0,0.0,0.0,0.0
제이아이금속,잔액,0.0,0.0,0.0,0.0,0.0,0.0,0.0,6509250,0.0,0.0,0.0,0.0
제이와이스틸,이월,1622005.0,1453876.0,1190035.0,1666049.0,3115689.0,1534763.0,-1.0,1619887,0.0,0.0,0.0,0.0
제이와이스틸,매출,1453876.0,1190035.0,1666049.0,1449641.0,1534764.0,0.0,1619888.0,1453452,0.0,0.0,0.0,0.0
제이와이스틸,수금,1622005.0,1453876.0,1190035.0,0.0,3115690.0,1534764.0,0.0,0,0.0,0.0,0.0,0.0
제이와이스틸,잔액,1453876.0,1190035.0,1666049.0,3115689.0,1534763.0,-1.0,1619887.0,3073339,0.0,0.0,0.0,0.0
제이케이지산업가스(구.서진산업가스),이월,8211907.0,8314152.0,8557637.0,9318161.0,8971941.0,9667531.0,15209600.0,30690116,0.0,0.0,0.0,0.0
제이케이지산업가스(구.서진산업가스),매출,8314152.0,8557637.0,9318161.0,8971941.0,9667532.0,15209601.0,30690116.0,15421560,0.0,0.0,0.0,0.0
제이케이지산업가스(구.서진산업가스),수금,8211907.0,8314152.0,8557637.0,9318161.0,8971941.0,9667532.0,15209600.0,0,0.0,0.0,0.0,0.0
제이케이지산업가스(구.서진산업가스),잔액,8314152.0,8557637.0,9318161.0,8971941.0,9667531.0,15209600.0,30690116.0,46111676,0.0,0.0,0.0,0.0
제티아,이월,1295800.0,1169300.0,1045000.0,1107700.0,1609300.0,1024100.0,1233100.0,1463000,0.0,0.0,0.0,0.0
제티아,매출,1169300.0,1045000.0,1107700.0,1609300.0,1024100.0,1233100.0,1463000.0,836000,0.0,0.0,0.0,0.0
제티아,수금,1295800.0,1169300.0,1045000.0,1107700.0,1609300.0,1024100.0,1233100.0,1463000,0.0,0.0,0.0,0.0
제티아,잔액,1169300.0,1045000.0,1107700.0,1609300.0,1024100.0,1233100.0,1463000.0,836000,0.0,0.0,0.0,0.0
중원산업가스,이월,0.0,0.0,0.0,0.0,0.0,0.0,6381914.0,10608345,0.0,0.0,0.0,0.0
중원산업가스,매출,0.0,0.0,0.0,0.0,0.0,6381914.0,10608345.0,0,0.0,0.0,0.0,0.0
중원산업가스,수금,0.0,0.0,0.0,0.0,0.0,0.0,6381914.0,0,0.0,0.0,0.0,0.0
중원산업가스,잔액,0.0,0.0,0.0,0.0,0.0,6381914.0,10608345.0,10608345,0.0,0.0,0.0,0.0
지앤티테크,이월,2033903.0,2046331.0,2119122.0,2014276.0,1922542.0,1487825.0,1706622.0,2417684,0.0,0.0,0.0,0.0
지앤티테크,매출,447146.0,1671978.0,2014276.0,1922542.0,62146.0,1644476.0,2417683.0,0,0.0,0.0,0.0,0.0
지앤티테크,수금,434717.0,1599187.0,2119122.0,2014276.0,496862.0,1425679.0,1706622.0,1970538,0.0,0.0,0.0,0.0
지앤티테크,잔액,2046331.0,2119122.0,2014276.0,1922542.0,1487825.0,1706622.0,2417684.0,447146,0.0,0.0,0.0,0.0
지엠레이저,이월,5130708.0,5812961.0,4338642.0,4362642.0,3875146.0,7293462.0,2908224.0,5673272,0.0,0.0,0.0,0.0
지엠레이저,매출,3105355.0,1233287.0,2024000.0,3875146.0,3418316.0,2908224.0,2765048.0,803165,0.0,0.0,0.0,0.0
지엠레이저,수금,2423102.0,2707606.0,2000000.0,4362642.0,0.0,7293462.0,0.0,2387924,0.0,0.0,0.0,0.0
지엠레이저,잔액,5812961.0,4338642.0,4362642.0,3875146.0,7293462.0,2908224.0,5673272.0,4088513,0.0,0.0,0.0,0.0
지오에스앤피,이월,578600.0,349800.0,600600.0,184800.0,292600.0,640200.0,33000.0,0,0.0,0.0,0.0,0.0
지오에스앤피,매출,349800.0,250800.0,184800.0,292600.0,347600.0,33000.0,0.0,0,0.0,0.0,0.0,0.0
지오에스앤피,수금,578600.0,0.0,600600.0,184800.0,0.0,640200.0,33000.0,0,0.0,0.0,0.0,0.0
지오에스앤피,잔액,349800.0,600600.0,184800.0,292600.0,640200.0,33000.0,0.0,0,0.0,0.0,0.0,0.0
지윤주식회사,이월,1435104.0,2618055.0,4869909.0,0.0,2509947.0,4446981.0,3569643.0,7296003,0.0,0.0,0.0,0.0
지윤주식회사,매출,2618055.0,2251854.0,2081376.0,2509947.0,1937034.0,3569643.0,3726360.0,3016860,0.0,0.0,0.0,0.0
지윤주식회사,수금,1435104.0,0.0,6951285.0,0.0,0.0,4446981.0,0.0,3569643,0.0,0.0,0.0,0.0
지윤주식회사,잔액,2618055.0,4869909.0,0.0,2509947.0,4446981.0,3569643.0,7296003.0,6743220,0.0,0.0,0.0,0.0
지현이엔지,이월,224400.0,66000.0,66000.0,158400.0,207900.0,132000.0,240900.0,0,0.0,0.0,0.0,0.0
지현이엔지,매출,66000.0,0.0,158400.0,207900.0,132000.0,240900.0,0.0,224400,0.0,0.0,0.0,0.0
지현이엔지,수금,224400.0,0.0,66000.0,158400.0,207900.0,132000.0,240900.0,0,0.0,0.0,0.0,0.0
지현이엔지,잔액,66000.0,66000.0,158400.0,207900.0,132000.0,240900.0,0.0,224400,0.0,0.0,0.0,0.0
진성테크원,이월,1291400.0,1623600.0,1370600.0,1843600.0,2043800.0,1434400.0,2437600.0,2360600,0.0,0.0,0.0,0.0
진성테크원,매출,873400.0,497200.0,1346400.0,697400.0,737000.0,1700600.0,660000.0,893200,0.0,0.0,0.0,0.0
진성테크원,수금,541200.0,750200.0,873400.0,497200.0,1346400.0,697400.0,737000.0,1700600,0.0,0.0,0.0,0.0
진성테크원,잔액,1623600.0,1370600.0,1843600.0,2043800.0,1434400.0,2437600.0,2360600.0,1553200,0.0,0.0,0.0,0.0
진양비지엠텍,이월,3368970.0,4538380.0,2983310.0,1618650.0,1901680.0,2803350.0,1539670.0,1293930,0.0,0.0,0.0,0.0
진양비지엠텍,매출,1169410.0,1813900.0,1618650.0,1901680.0,901670.0,1539670.0,1293930.0,1340350,0.0,0.0,0.0,0.0
진양비지엠텍,수금,0.0,3368970.0,2983310.0,1618650.0,0.0,2803350.0,1539670.0,0,0.0,0.0,0.0,0.0
진양비지엠텍,잔액,4538380.0,2983310.0,1618650.0,1901680.0,2803350.0,1539670.0,1293930.0,2634280,0.0,0.0,0.0,0.0
창신플라텍,이월,55000.0,165000.0,110000.0,110000.0,165000.0,220000.0,110000.0,0,0.0,0.0,0.0,0.0
창신플라텍,매출,110000.0,0.0,110000.0,165000.0,55000.0,110000.0,0.0,110000,0.0,0.0,0.0,0.0
창신플라텍,수금,0.0,55000.0,110000.0,110000.0,0.0,220000.0,110000.0,0,0.0,0.0,0.0,0.0
창신플라텍,잔액,165000.0,110000.0,110000.0,165000.0,220000.0,110000.0,0.0,110000,0.0,0.0,0.0,0.0
천보기계,이월,1248500.0,2400200.0,1716000.0,1414050.0,536800.0,1535050.0,1892550.0,595650,0.0,0.0,0.0,0.0
천보기계,매출,1151700.0,564300.0,1414050.0,536800.0,998250.0,894300.0,595650.0,793100,0.0,0.0,0.0,0.0
천보기계,수금,0.0,1248500.0,1716000.0,1414050.0,0.0,536800.0,1892550.0,0,0.0,0.0,0.0,0.0
천보기계,잔액,2400200.0,1716000.0,1414050.0,536800.0,1535050.0,1892550.0,595650.0,1388750,0.0,0.0,0.0,0.0
칠성가스,이월,181500.0,0.0,60500.0,0.0,398200.0,1570800.0,1577400.0,2204600,0.0,0.0,0.0,0.0
칠성가스,매출,0.0,60500.0,0.0,398200.0,1570800.0,1577400.0,2184600.0,108900,0.0,0.0,0.0,0.0
칠성가스,수금,181500.0,0.0,60500.0,0.0,398200.0,1570800.0,1557400.0,2184600,0.0,0.0,0.0,0.0
칠성가스,잔액,0.0,60500.0,0.0,398200.0,1570800.0,1577400.0,2204600.0,128900,0.0,0.0,0.0,0.0
케이디피주식회사(구.한국다이아몬드),이월,31826300.0,46812370.0,44808280.0,31215470.0,33264660.0,46714800.0,31028140.0,34533510,0.0,0.0,0.0,0.0
케이디피주식회사(구.한국다이아몬드),매출,14986070.0,11804870.0,14769920.0,14888720.0,13450140.0,15884440.0,14710630.0,9300060,0.0,0.0,0.0,0.0
케이디피주식회사(구.한국다이아몬드),수금,0.0,13808960.0,28362730.0,12839530.0,0.0,31571100.0,11205260.0,0,0.0,0.0,0.0,0.0
케이디피주식회사(구.한국다이아몬드),잔액,46812370.0,44808280.0,31215470.0,33264660.0,46714800.0,31028140.0,34533510.0,43833570,0.0,0.0,0.0,0.0
케이엘텍,이월,41800.0,41800.0,41800.0,102300.0,204600.0,278300.0,176000.0,267300,0.0,0.0,0.0,0.0
케이엘텍,매출,41800.0,41800.0,60500.0,144100.0,134200.0,41800.0,225500.0,104500,0.0,0.0,0.0,0.0
케이엘텍,수금,41800.0,41800.0,0.0,41800.0,60500.0,144100.0,134200.0,41800,0.0,0.0,0.0,0.0
케이엘텍,잔액,41800.0,41800.0,102300.0,204600.0,278300.0,176000.0,267300.0,330000,0.0,0.0,0.0,0.0
코오롱글로벌,이월,3156428.0,5295290.0,5177139.0,5409899.0,5257340.0,3612840.0,3701390.0,5181440,0.0,0.0,0.0,0.0
코오롱글로벌,매출,3602720.0,3150609.0,3853190.0,3428150.0,1980990.0,3701390.0,5181440.0,3243207,0.0,0.0,0.0,0.0
코오롱글로벌,수금,1463858.0,3268760.0,3620430.0,3580709.0,3625490.0,3612840.0,3701390.0,3600190,0.0,0.0,0.0,0.0
코오롱글로벌,잔액,5295290.0,5177139.0,5409899.0,5257340.0,3612840.0,3701390.0,5181440.0,4824457,0.0,0.0,0.0,0.0
코웨이엔텍,이월,0.0,0.0,0.0,0.0,0.0,0.0,0.0,92400,0.0,0.0,0.0,0.0
코웨이엔텍,매출,0.0,0.0,0.0,0.0,0.0,0.0,92400.0,101200,0.0,0.0,0.0,0.0
코웨이엔텍,수금,0.0,0.0,0.0,0.0,0.0,0.0,0.0,0,0.0,0.0,0.0,0.0
코웨이엔텍,잔액,0.0,0.0,0.0,0.0,0.0,0.0,92400.0,193600,0.0,0.0,0.0,0.0
큐에스아이,이월,19670400.0,17179200.0,15681600.0,22809600.0,21369600.0,15919200.0,20242200.0,29508600,0.0,0.0,0.0,0.0
큐에스아이,매출,6652800.0,5702400.0,7128000.0,6177600.0,7365600.0,9708600.0,9266400.0,6864000,0.0,0.0,0.0,0.0
큐에스아이,수금,9144000.0,7200000.0,0.0,7617600.0,12816000.0,5385600.0,0.0,9096000,0.0,0.0,0.0,0.0
큐에스아이,잔액,17179200.0,15681600.0,22809600.0,21369600.0,15919200.0,20242200.0,29508600.0,27276600,0.0,0.0,0.0,0.0
태광기업,이월,11203170.0,17653788.0,10153725.0,10630261.0,8610672.0,10445929.0,8368012.0,8712281,0.0,0.0,0.0,0.0
태광기업,매출,6450618.0,3639385.0,4055257.0,4497781.0,3880809.0,4134042.0,4194420.0,3677676,0.0,0.0,0.0,0.0
태광기업,수금,0.0,11139448.0,3578721.0,6517370.0,2045552.0,6211959.0,3850151.0,4250536,0.0,0.0,0.0,0.0
태광기업,잔액,17653788.0,10153725.0,10630261.0,8610672.0,10445929.0,8368012.0,8712281.0,8139421,0.0,0.0,0.0,0.0
태광산업가스,이월,53533744.0,56140887.0,44767239.0,49526400.0,60282266.0,65225754.0,45353407.0,41406300,0.0,0.0,0.0,0.0
태광산업가스,매출,24542551.0,20224688.0,29301712.0,30980554.0,34245200.0,45353407.0,41406300.0,29864767,0.0,0.0,0.0,0.0
태광산업가스,수금,21935408.0,31598336.0,24542551.0,20224688.0,29301712.0,65225754.0,45353407.0,0,0.0,0.0,0.0,0.0
태광산업가스,잔액,56140887.0,44767239.0,49526400.0,60282266.0,65225754.0,45353407.0,41406300.0,71271066,0.0,0.0,0.0,0.0
태성EPS,이월,52332060.0,62426760.0,22879780.0,37491960.0,57612500.0,36389749.0,39352379.0,94851900,0.0,0.0,0.0,0.0
태성EPS,매출,62426760.0,22879780.0,37491960.0,57612500.0,36389749.0,39352379.0,94851900.0,80608000,0.0,0.0,0.0,0.0
태성EPS,수금,52332060.0,62426760.0,22879780.0,37491960.0,57612500.0,36389749.0,39352379.0,94851900,0.0,0.0,0.0,0.0
태성EPS,잔액,62426760.0,22879780.0,37491960.0,57612500.0,36389749.0,39352379.0,94851900.0,80608000,0.0,0.0,0.0,0.0
태성레이저(벌크),이월,2862783.0,4238735.0,2924021.0,2853048.0,2934261.0,1490435.0,3063142.0,1588950,0.0,0.0,0.0,0.0
태성레이저(벌크),매출,4238735.0,2924021.0,2853048.0,2934261.0,1490435.0,3063143.0,1588950.0,1486551,0.0,0.0,0.0,0.0
태성레이저(벌크),수금,2862783.0,4238735.0,2924021.0,2853048.0,2934261.0,1490435.0,3063142.0,0,0.0,0.0,0.0,0.0
태성레이저(벌크),잔액,4238735.0,2924021.0,2853048.0,2934261.0,1490435.0,3063142.0,1588950.0,3075501,0.0,0.0,0.0,0.0
태성레이저(실린더),이월,921250.0,199650.0,1084600.0,366850.0,1158300.0,1103850.0,290400.0,983400,0.0,0.0,0.0,0.0
태성레이저(실린더),매출,199650.0,1084600.0,366850.0,1158300.0,1103850.0,290400.0,983400.0,1014750,0.0,0.0,0.0,0.0
태성레이저(실린더),수금,921250.0,199650.0,1084600.0,366850.0,1158300.0,1103850.0,290400.0,0,0.0,0.0,0.0,0.0
태성레이저(실린더),잔액,199650.0,1084600.0,366850.0,1158300.0,1103850.0,290400.0,983400.0,1998150,0.0,0.0,0.0,0.0
테크린주식회사,이월,4738580.0,8435680.0,0.0,0.0,13600400.0,19633306.0,34973455.0,49531350,0.0,0.0,0.0,0.0
테크린주식회사,매출,3697100.0,0.0,4748920.0,13600400.0,19633306.0,34973455.0,49531350.0,27036075,0.0,0.0,0.0,0.0
테크린주식회사,수금,0.0,8435680.0,4748920.0,0.0,13600400.0,19633306.0,34973455.0,0,0.0,0.0,0.0,0.0
테크린주식회사,잔액,8435680.0,0.0,0.0,13600400.0,19633306.0,34973455.0,49531350.0,76567425,0.0,0.0,0.0,0.0
티에스케이가스 주식회사,이월,101338738.0,61714266.0,52734970.0,53139651.0,60192229.0,68115718.0,94509679.0,82089093,0.0,0.0,0.0,0.0
티에스케이가스 주식회사,매출,61714266.0,52734970.0,53139651.0,60192229.0,68115718.0,94509679.0,82089093.0,56301335,0.0,0.0,0.0,0.0
티에스케이가스 주식회사,수금,101338738.0,61714266.0,52734970.0,53139651.0,60192229.0,68115718.0,94509679.0,0,0.0,0.0,0.0,0.0
티에스케이가스 주식회사,잔액,61714266.0,52734970.0,53139651.0,60192229.0,68115718.0,94509679.0,82089093.0,138390428,0.0,0.0,0.0,0.0
포엠주식회사,이월,18774474.0,19230799.0,13114567.0,19327598.0,19049824.0,21298356.0,19396369.0,16269067,0.0,0.0,0.0,0.0
포엠주식회사,매출,5662877.0,3451690.0,6213031.0,7385103.0,5700222.0,6721044.0,6257801.0,2908840,0.0,0.0,0.0,0.0
포엠주식회사,수금,5206552.0,9567922.0,0.0,7662877.0,3451690.0,8623031.0,9385103.0,10011266,0.0,0.0,0.0,0.0
포엠주식회사,잔액,19230799.0,13114567.0,19327598.0,19049824.0,21298356.0,19396369.0,16269067.0,9166641,0.0,0.0,0.0,0.0
피에스지(코스본주식회사) ,이월,365904.0,274428.0,182952.0,457380.0,640332.0,640332.0,365904.0,365904,0.0,0.0,0.0,0.0
피에스지(코스본주식회사) ,매출,274428.0,182952.0,457380.0,640332.0,640332.0,365904.0,365904.0,274428,0.0,0.0,0.0,0.0
피에스지(코스본주식회사) ,수금,365904.0,274428.0,182952.0,457380.0,640332.0,640332.0,365904.0,0,0.0,0.0,0.0,0.0
피에스지(코스본주식회사) ,잔액,274428.0,182952.0,457380.0,640332.0,640332.0,365904.0,365904.0,640332,0.0,0.0,0.0,0.0
피케이지,이월,203500.0,228800.0,361900.0,383900.0,112200.0,204600.0,367400.0,225500,0.0,0.0,0.0,0.0
피케이지,매출,115500.0,246400.0,137500.0,112200.0,92400.0,367400.0,225500.0,158400,0.0,0.0,0.0,0.0
피케이지,수금,90200.0,113300.0,115500.0,383900.0,0.0,204600.0,367400.0,0,0.0,0.0,0.0,0.0
피케이지,잔액,228800.0,361900.0,383900.0,112200.0,204600.0,367400.0,225500.0,383900,0.0,0.0,0.0,0.0
하이레이저 ,이월,4035455.0,4941431.0,3396415.0,4209810.0,3474691.0,1923724.0,3200362.0,3379992,0.0,0.0,0.0,0.0
하이레이저 ,매출,3822236.0,3396415.0,4209810.0,3474691.0,1923724.0,3200362.0,3379992.0,1594648,0.0,0.0,0.0,0.0
하이레이저 ,수금,2916260.0,4941431.0,3396415.0,4209810.0,3474691.0,1923724.0,3200362.0,0,0.0,0.0,0.0,0.0
하이레이저 ,잔액,4941431.0,3396415.0,4209810.0,3474691.0,1923724.0,3200362.0,3379992.0,4974640,0.0,0.0,0.0,0.0
하이레이저(안성),이월,1926903.0,1876193.0,1508980.0,426437.0,2760219.0,1799699.0,1856921.0,1368087,0.0,0.0,0.0,0.0
하이레이저(안성),매출,1876193.0,1508980.0,426437.0,2760219.0,1799699.0,1856921.0,1368087.0,2625838,0.0,0.0,0.0,0.0
하이레이저(안성),수금,1926903.0,1876193.0,1508980.0,426437.0,2760219.0,1799699.0,1856921.0,0,0.0,0.0,0.0,0.0
하이레이저(안성),잔액,1876193.0,1508980.0,426437.0,2760219.0,1799699.0,1856921.0,1368087.0,3993924,0.0,0.0,0.0,0.0
한국가스코,이월,12644060.0,10165914.0,9149294.0,10291820.0,9269260.0,21406363.0,16655089.0,13758470,0.0,0.0,0.0,0.0
한국가스코,매출,10165914.0,9149294.0,10291820.0,9269260.0,12137103.0,16655089.0,13758470.0,12547700,0.0,0.0,0.0,0.0
한국가스코,수금,12644060.0,10165914.0,9149294.0,10291820.0,0.0,21406363.0,16655089.0,0,0.0,0.0,0.0,0.0
한국가스코,잔액,10165914.0,9149294.0,10291820.0,9269260.0,21406363.0,16655089.0,13758470.0,26306170,0.0,0.0,0.0,0.0
한국메티슨특수가스,이월,2819168.0,4457464.0,3699168.0,3923568.0,3801600.0,3772296.0,3706296.0,2938144,0.0,0.0,0.0,0.0
한국메티슨특수가스,매출,4237464.0,3479168.0,3703568.0,3581600.0,2606296.0,1100000.0,2718144.0,3912392,0.0,0.0,0.0,0.0
한국메티슨특수가스,수금,2599168.0,4237464.0,3479168.0,3703568.0,2635600.0,1166000.0,3486296.0,0,0.0,0.0,0.0,0.0
한국메티슨특수가스,잔액,4457464.0,3699168.0,3923568.0,3801600.0,3772296.0,3706296.0,2938144.0,6850536,0.0,0.0,0.0,0.0
한국생산기술연구원,이월,-343013.0,470767.0,-352220.0,461560.0,143880.0,785620.0,-352220.0,-49830,0.0,0.0,0.0,0.0
한국생산기술연구원,매출,813780.0,0.0,813780.0,826100.0,807840.0,0.0,1224300.0,203500,0.0,0.0,0.0,0.0
한국생산기술연구원,수금,0.0,822987.0,0.0,1143780.0,166100.0,1137840.0,921910.0,775170,0.0,0.0,0.0,0.0
한국생산기술연구원,잔액,470767.0,-352220.0,461560.0,143880.0,785620.0,-352220.0,-49830.0,-621500,0.0,0.0,0.0,0.0
한국스페셜가스,이월,0.0,0.0,0.0,0.0,0.0,0.0,0.0,14834160,0.0,0.0,0.0,0.0
한국스페셜가스,매출,0.0,0.0,0.0,0.0,0.0,0.0,14834160.0,12064800,0.0,0.0,0.0,0.0
한국스페셜가스,수금,0.0,0.0,0.0,0.0,0.0,0.0,0.0,0,0.0,0.0,0.0,0.0
한국스페셜가스,잔액,0.0,0.0,0.0,0.0,0.0,0.0,14834160.0,26898960,0.0,0.0,0.0,0.0
한국콜드체인,이월,,0.0,0.0,18911860.0,9467040.0,0.0,21709171.0,29739325,0.0,0.0,0.0,0.0
한국콜드체인,매출,0.0,0.0,18911860.0,0.0,0.0,21709171.0,29739325.0,13227500,0.0,0.0,0.0,0.0
한국콜드체인,수금,0.0,0.0,0.0,9444820.0,9467040.0,0.0,21709171.0,0,0.0,0.0,0.0,0.0
한국콜드체인,잔액,0.0,0.0,18911860.0,9467040.0,0.0,21709171.0,29739325.0,42966825,0.0,0.0,0.0,0.0
한국탄산,이월,38720605.0,48901325.0,71676550.0,131663730.0,200092420.0,162158722.0,61663140.0,126577440,0.0,0.0,0.0,0.0
한국탄산,매출,31598710.0,40077840.0,91585890.0,108506530.0,53652192.0,61663140.0,126577440.0,172304880,0.0,0.0,0.0,0.0
한국탄산,수금,21417990.0,17302615.0,31598710.0,40077840.0,91585890.0,162158722.0,61663140.0,0,0.0,0.0,0.0,0.0
한국탄산,잔액,48901325.0,71676550.0,131663730.0,200092420.0,162158722.0,61663140.0,126577440.0,298882320,0.0,0.0,0.0,0.0
한국특수가스,이월,0.0,0.0,0.0,4510000.0,13349600.0,14000800.0,20902200.0,27139200,0.0,0.0,0.0,0.0
한국특수가스,매출,0.0,0.0,4510000.0,8839600.0,5161200.0,15741000.0,6237000.0,0,0.0,0.0,0.0,0.0
한국특수가스,수금,0.0,0.0,0.0,0.0,4510000.0,8839600.0,0.0,5161200,0.0,0.0,0.0,0.0
한국특수가스,잔액,0.0,0.0,4510000.0,13349600.0,14000800.0,20902200.0,27139200.0,21978000,0.0,0.0,0.0,0.0
한성중기,이월,,286000.0,0.0,275000.0,379170.0,104170.0,144650.0,121550,0.0,0.0,0.0,0.0
한성중기,매출,286000.0,0.0,275000.0,379170.0,104170.0,144650.0,121550.0,250250,0.0,0.0,0.0,0.0
한성중기,수금,0.0,286000.0,0.0,275000.0,379170.0,104170.0,144650.0,121550,0.0,0.0,0.0,0.0
한성중기,잔액,286000.0,0.0,275000.0,379170.0,104170.0,144650.0,121550.0,250250,0.0,0.0,0.0,0.0
한성플랜,이월,6996660.0,6323020.0,5208720.0,3068340.0,2901800.0,4108060.0,4403080.0,4218060,0.0,0.0,0.0,0.0
한성플랜,매출,919380.0,929720.0,1219240.0,752840.0,1206260.0,1224740.0,1034220.0,861960,0.0,0.0,0.0,0.0
한성플랜,수금,1593020.0,2044020.0,3359620.0,919380.0,0.0,929720.0,1219240.0,752840,0.0,0.0,0.0,0.0
한성플랜,잔액,6323020.0,5208720.0,3068340.0,2901800.0,4108060.0,4403080.0,4218060.0,4327180,0.0,0.0,0.0,0.0
한양종합가스,이월,9876676.0,8021249.0,3312695.0,4998366.0,5643001.0,6065885.0,2881385.0,1780240,0.0,0.0,0.0,0.0
한양종합가스,매출,772829.0,2539865.0,2458500.0,3184500.0,2881384.0,0.0,1780240.0,1390290,0.0,0.0,0.0,0.0
한양종합가스,수금,2628256.0,7248419.0,772829.0,2539865.0,2458500.0,3184500.0,2881385.0,0,0.0,0.0,0.0,0.0
한양종합가스,잔액,8021249.0,3312695.0,4998366.0,5643001.0,6065885.0,2881385.0,1780240.0,3170530,0.0,0.0,0.0,0.0
한울티엘,이월,79543002.0,48564054.0,39238353.0,57936417.0,52935498.0,69985872.0,81794900.0,47181475,0.0,0.0,0.0,0.0
한울티엘,매출,48564054.0,39238353.0,57936417.0,52935498.0,69985872.0,81794900.0,104298975.0,105309600,0.0,0.0,0.0,0.0
한울티엘,수금,79543002.0,48564054.0,39238353.0,57936417.0,52935498.0,69985872.0,138912400.0,109954350,0.0,0.0,0.0,0.0
한울티엘,잔액,48564054.0,39238353.0,57936417.0,52935498.0,69985872.0,81794900.0,47181475.0,42536725,0.0,0.0,0.0,0.0
현대연구소(남양),이월,592650.0,778140.0,548352.0,894276.0,64278.0,147204.0,65178.0,115902,0.0,0.0,0.0,0.0
현대연구소(남양),매출,778140.0,1202652.0,1259676.0,707058.0,1619244.0,716958.0,1274922.0,762300,0.0,0.0,0.0,0.0
현대연구소(남양),수금,592650.0,1432440.0,913752.0,1537056.0,1536318.0,798984.0,1224198.0,495702,0.0,0.0,0.0,0.0
현대연구소(남양),잔액,778140.0,548352.0,894276.0,64278.0,147204.0,65178.0,115902.0,382500,0.0,0.0,0.0,0.0
현대연구소(마북),이월,-9904904.0,-9854504.0,-9167840.0,-7588592.0,-6260672.0,-4858304.0,-4190384.0,-2793560,0.0,0.0,0.0,0.0
현대연구소(마북),매출,1499784.0,686664.0,1579248.0,1327920.0,1402368.0,667920.0,1396824.0,678744,0.0,0.0,0.0,0.0
현대연구소(마북),수금,1449384.0,0.0,0.0,0.0,0.0,0.0,0.0,0,0.0,0.0,0.0,0.0
현대연구소(마북),잔액,-9854504.0,-9167840.0,-7588592.0,-6260672.0,-4858304.0,-4190384.0,-2793560.0,-2114816,0.0,0.0,0.0,0.0
현동산업,이월,122100.0,233200.0,122100.0,116600.0,217800.0,217800.0,284900.0,101200,0.0,0.0,0.0,0.0
현동산업,매출,233200.0,122100.0,116600.0,217800.0,217800.0,284900.0,101200.0,0,0.0,0.0,0.0,0.0
현동산업,수금,122100.0,233200.0,122100.0,116600.0,217800.0,217800.0,284900.0,101200,0.0,0.0,0.0,0.0
현동산업,잔액,233200.0,122100.0,116600.0,217800.0,217800.0,284900.0,101200.0,0,0.0,0.0,0.0,0.0
Z대유스틸,이월,220525.0,220525.0,220525.0,220525.0,220525.0,220525.0,220525.0,220525,0.0,0.0,0.0,0.0
Z대유스틸,매출,0.0,0.0,0.0,0.0,0.0,0.0,0.0,0,0.0,0.0,0.0,0.0
Z대유스틸,수금,0.0,0.0,0.0,0.0,0.0,0.0,0.0,0,0.0,0.0,0.0,0.0
Z대유스틸,잔액,220525.0,220525.0,220525.0,220525.0,220525.0,220525.0,220525.0,220525,0.0,0.0,0.0,0.0
Z우창산업건설,이월,400752.0,0.0,0.0,0.0,0.0,0.0,0.0,0,0.0,0.0,0.0,0.0
Z우창산업건설,매출,0.0,0.0,0.0,0.0,0.0,0.0,0.0,0,0.0,0.0,0.0,0.0
Z우창산업건설,수금,400752.0,0.0,0.0,0.0,0.0,0.0,0.0,0,0.0,0.0,0.0,0.0
Z우창산업건설,잔액,0.0,0.0,0.0,0.0,0.0,0.0,0.0,0,0.0,0.0,0.0,0.0
Z유한가스화학,이월,8329607.0,0.0,0.0,0.0,0.0,0.0,0.0,0,0.0,0.0,0.0,0.0
Z유한가스화학,매출,1.0,0.0,0.0,0.0,0.0,0.0,0.0,0,0.0,0.0,0.0,0.0
Z유한가스화학,수금,8329607.0,0.0,0.0,0.0,0.0,0.0,0.0,0,0.0,0.0,0.0,0.0
Z유한가스화학,잔액,0.0,0.0,0.0,0.0,0.0,0.0,0.0,0,0.0,0.0,0.0,0.0
Z제주콜드체인,이월,0.0,0.0,0.0,0.0,0.0,0.0,0.0,0,0.0,0.0,0.0,0.0
Z제주콜드체인,매출,0.0,0.0,0.0,0.0,0.0,0.0,0.0,0,0.0,0.0,0.0,0.0
Z제주콜드체인,수금,0.0,0.0,0.0,0.0,0.0,0.0,0.0,0,0.0,0.0,0.0,0.0
Z제주콜드체인,잔액,0.0,0.0,0.0,0.0,0.0,0.0,0.0,0,0.0,0.0,0.0,0.0
Z지오텍,이월,0.0,0.0,0.0,0.0,0.0,0.0,0.0,0,0.0,0.0,0.0,0.0
Z지오텍,매출,0.0,0.0,0.0,0.0,0.0,0.0,0.0,0,0.0,0.0,0.0,0.0
Z지오텍,수금,0.0,0.0,0.0,0.0,0.0,0.0,0.0,0,0.0,0.0,0.0,0.0
Z지오텍,잔액,0.0,0.0,0.0,0.0,0.0,0.0,0.0,0,0.0,0.0,0.0,0.0
Z컬리,이월,48036010.0,57642310.0,0.0,0.0,0.0,0.0,0.0,0,0.0,0.0,0.0,0.0
Z컬리,매출,57642310.0,0.0,0.0,0.0,0.0,0.0,0.0,0,0.0,0.0,0.0,0.0
Z컬리,수금,48036010.0,57642310.0,0.0,0.0,0.0,0.0,0.0,0,0.0,0.0,0.0,0.0
Z컬리,잔액,57642310.0,0.0,0.0,0.0,0.0,0.0,0.0,0,0.0,0.0,0.0,0.0
Z태화인더스(구.엠제이테크),이월,0.0,0.0,0.0,0.0,0.0,0.0,0.0,0,0.0,0.0,0.0,0.0
Z태화인더스(구.엠제이테크),매출,0.0,0.0,0.0,0.0,0.0,0.0,0.0,0,0.0,0.0,0.0,0.0
Z태화인더스(구.엠제이테크),수금,0.0,0.0,0.0,0.0,0.0,0.0,0.0,0,0.0,0.0,0.0,0.0
Z태화인더스(구.엠제이테크),잔액,0.0,0.0,0.0,0.0,0.0,0.0,0.0,0,0.0,0.0,0.0,0.0
2026-08-27 오후 2:40:35,총매출,,,,,,,,,,,,
,총수금,,,,,,,,,,,,
