거래처,분류,영업담당자
가스코아산(대창),충전소(대납),담당자없음
가스코아산(몰드스틸),충전소(대납),담당자없음
가스코아산(아래스가스),충전소(대납),담당자없음
가스코아산(아론),충전소(대납),담당자없음
가스코아산(에스에프에이),충전소(대납),담당자없음
가스코아산(파라텍1),충전소(대납),담당자없음
가스코아산(폴라리스AI파마),충전소(대납),담당자없음
가스코아산(하나이엔지),충전소(대납),담당자없음
가스코아산(한양이엔지),충전소(대납),담당자없음
가스코아산(현진산업),충전소(대납),담당자없음
가스코아산(DM특장),충전소(대납),김혁수
가스코아산.,가스코아산,담당자없음
가스테크코리아,충전소,김명현
가스텍(고려신소재),충전소(대납),김명현
가스텍(대흥정공),충전소(대납),김명현
가스텍(미성르호봇),충전소(대납),김명현
가스텍(인천),충전소(대납),김명현
개인판매,개인판매,담당자없음
경민산업,직납처,김혁수
고려대한가스,충전소,김명현
고려산업가스,충전소,담당자없음
공도(한일가스충전소),직납처,박준우
공도.,직납처,박준우
공성기계,직납처,박준우
광양종합가스(주),충전소,담당자없음
국제산업가스,충전소,김명현
금성종합가스,대리점,김명현
나주신일가스(주),충전소,담당자없음
다올이앤씨 주식회사,직납처,박준우
단일시스켐,충전소,김명현
단일시스켐(음성),대납처,김혁수
대광가스.,대리점,담당자없음
대성가스텍,충전소,김명현
대성스틸,직납처,박준우
대성플랜트,직납처,박준우
대승산업가스,대납처,김혁수
대영가스상사,대리점,김혁수
대진에스에이,직납처,김혁수
대한산업가스,충전소,김명현
대한산업가스(당진),대납처,김혁수
대한특수가스,충전소,김명현
대현엔지니어링,직납처,박준우
대흥샤링,직납처,박준우
대흥정공.,직납처,김명현
더원코리아,직납처,박준우
덕양가스(당진),충전소,김명현
동아기술(구.동아플랜트),직납처,박준우
동양산업가스,충전소,담당자없음
동원엔지니어링,직납처,김혁수
동주산업,직납처,김혁수
두산판금,직납처,박준우
두영에스티,직납처,김명현
드림레이저,직납처,김혁수
드림맥,직납처,김혁수
드림이앤지(팔탄),직납처,박준우
디아이이앤티,직납처,김혁수
디아이지에어가스(구.대성),액메이커,담당자없음
디에스텍,충전소,김명현
디자인비무(구.이랜드서비스),직납처,박준우
디케이가스,대리점,김명현
라쿨 주식회사(구.신정우),직납처,김혁수
린데코리아,액메이커,담당자없음
마스터엔지니어링,직납처,박준우
명성씨엠아이,직납처,박준우
명성코리아테크놀러지,직납처,김혁수
명인ENG,직납처,박준우
모베이스전자,직납처,김명현
모소디엔엠(구.한성포장),드라이아이스,김효동
목포신일가스,충전소,담당자없음
목포신일가스(한국가스공사 경기지역본부),충전소(대납),담당자없음
목포신일가스(한국가스공사 인천지역본부),충전소(대납),담당자없음
무한상사,드라이아이스,김효동
밀성산업가스,충전소,김명현
반석리퀴드앤이엔지,드라이아이스,김효동
보성엔지니어링(구.신세계),직납처,김혁수
복지종합가스,충전소,김명현
부경가스텍,대리점,김명현
부림가스,대리점,김혁수
부성스틸,직납처,박준우
비엘티(구.에스앤케이),직납처,김혁수
삼보동양,대리점,김혁수
삼성가스,충전소,김명현
삼성산업가스,대리점,김혁수
삼양산업,충전소,담당자없음
삼정가스공업,충전소,김명현
삼정특수가스,충전소,담당자없음
서부모터펌프,직납처,김혁수
서울특수가스,충전소,김명현
서원플랜트(태성이엔지),직납처,김혁수
세광산업1공장,직납처,김혁수
세종산업가스,충전소,김명현
세진가스텍(매크로드)구.태경,충전소(대납),김명현
세진가스텍(명성중공업),충전소(대납),김명현
세진가스텍(성호에스엔비),충전소(대납),김명현
세진가스텍(세양H&S),충전소(대납),김명현
세진가스텍(세종기공),충전소(대납),김명현
세진가스A,대리점,김명현
승우산업,직납처,김명현
신비오케미컬,액메이커,담당자없음
신비오켐,액메이커,담당자없음
신아기계,직납처,박준우
신양메디슨(가스코아산),충전소(대납),담당자없음
신일가스(본사),충전소,담당자없음
신천종합가스,대리점,김혁수
신흥이엔지,직납처,김명현
씨에스가스텍,충전소,김명현
아이스푸드앤바인(구.바인컴퍼니),드라이아이스,김효동
에니스,드라이아이스,김효동
에스앤디 주식회사,충전소,담당자없음
에스앤디(한국가스공사 서울지역본부),충전소(대납),담당자없음
에스앤케이.,직납처,김혁수
에스에이치코리아,직납처,김명현
에어퍼스트,액메이커,담당자없음
에어프로덕츠,액메이커,담당자없음
에이원의료기산업,직납처,박준우
에이치엘비생명과학,직납처,김혁수
에이치이엠씨,직납처,박준우
에프알디,충전소,담당자없음
엔케이철강,직납처,김혁수
엔투,직납처,박준우
엔티에스(김포),직납처,박준우
엘에스와이산업가스,충전소,김명현
엠에스동민특수가스,충전소,김명현
엠에스테크,직납처,김혁수
엠제이쿼츠,직납처,김혁수
영광특수가스,대리점,김혁수
영신방재,직납처,박준우
영신에프엔씨,직납처,박준우
영신이엔에스,직납처,박준우
영신코아스,직납처,박준우
예성이엔지(당진),직납처,김혁수
예성이엔지(아산),직납처,김혁수
예성이엔지(오산),직납처,김혁수
오비맥주(용역운송),개인판매,담당자없음
용역운송(OB맥주-신비오),기타,담당자없음
용진,직납처,김혁수
우창산업건설(주),직납처,박준우
원이엔지,직납처,박준우
위드산업조명,직납처,박준우
유니온가스,충전소,김명현
유엔씨테크,직납처,박준우
유진화학(안중),충전소,담당자없음
유한가스화학(주),충전소,김명현
유한에프앤디(구.유한산업),드라이아이스,김효동
윤익스디티에스,드라이아이스,김효동
이엔에이치,직납처,김혁수
이화산업가스,충전소,김명현
일광잉크페인트,직납처,김혁수
일영랩,직납처,김혁수
재원인더스트리,직납처,김혁수
정도레이저,직납처,김명현
정아유압,직납처,박준우
제원산업,직납처,김혁수
제이와이스틸,직납처,박준우
제이케이지산업가스(구.서진산업가스),충전소,김명현
제일가스,충전소,담당자없음
제티아,직납처,김혁수
중원산업가스,대납처,김혁수
지앤티테크,직납처,박준우
지엠레이저,직납처,김혁수
지오에스앤피,직납처,김혁수
지윤주식회사,드라이아이스,김효동
지현이엔지,직납처,박준우
진성테크원,직납처,김혁수
진양비지엠텍,직납처,박준우
창신플라텍,직납처,김혁수
천보기계,직납처,박준우
칠성가스,대리점,김혁수
케이디피주식회사(구.한국다이아몬드),직납처,김혁수
케이엘텍,직납처,박준우
코오롱글로벌,직납처,박준우
코웨이엔텍,직납처,김혁수
큐에스아이,직납처,김혁수
태광기업,직납처,김혁수
태광산업가스,충전소,김명현
태성레이저(벌크),직납처,김혁수
태성레이저(실린더),직납처,김혁수
태성EPS,드라이아이스,김효동
테크린주식회사,드라이아이스,김효동
티에스케이가스 주식회사,충전소,김명현
포엠주식회사,직납처,김혁수
피에스지(코스본주식회사) ,충전소,김명현
피케이지,직납처,박준우
하이레이저 ,직납처,김혁수
하이레이저(안성),직납처,김혁수
한국가스코,충전소,김명현
한국메티슨특수가스,직납처,김혁수
한국생산기술연구원,직납처,박준우
한국스페셜가스,충전소,김명현
한국콜드체인,드라이아이스,김효동
한국탄산,충전소,담당자없음
한국특수가스,충전소,김명현
한성중기,직납처,김혁수
한성플랜,직납처,박준우
한양종합가스,대리점,김명현
한울티엘,드라이아이스,김효동
한일가스충전소,충전소,담당자없음
현대연구소(남양),직납처,김혁수
현대연구소(마북),직납처,김혁수
현동산업,직납처,박준우
형제산업가스,대리점,김명현
화성앰코테크놀로지,직납처,담당자없음
화인실텍,용기검사,담당자없음
KS테크,충전소,담당자없음
MS가스,충전소,담당자없음
MS가스(전북영업소),충전소,담당자없음
MS가스(천안),충전소,담당자없음
Z82항공정비창,거래종료,담당자없음
Z가람플랜트,거래종료,담당자없음
Z가스켐(팔탄),거래종료,담당자없음
Z가스켐테크놀로지,거래종료,담당자없음
Z가스코,거래종료,담당자없음
Z가스코아산(가람이앤지),거래종료,담당자없음
Z가스코아산(경성이테크),거래종료,담당자없음
Z가스코아산(나온)-에스앤지테크,거래종료,담당자없음
Z가스코아산(라누이엔지),거래종료,담당자없음
Z가스코아산(성신ENG),거래종료,담당자없음
Z가스코아산(승지플랜트),거래종료,담당자없음
Z가스코아산(아진산업건설),거래종료,담당자없음
Z가스코아산(에스앤지테크) -대진테크,거래종료,담당자없음
Z가스코아산(일성광고기획),거래종료,담당자없음
Z가스코아산(진성이엔지),거래종료,담당자없음
Z가스코아산(투엘보),거래종료,담당자없음
Z가스코아산(티엠비),거래종료,담당자없음
Z가스코아산(파라텍2),거래종료,담당자없음
Z가스코아산(파라텍3),거래종료,담당자없음
Z가스코아산(파라텍MR2),거래종료,담당자없음
Z가스코아산(한양이엔지DS),거래종료,담당자없음
Z가스코아산(한일가스),거래종료,담당자없음
Z가스코아산(화성케미칼),거래종료,담당자없음
Z가스코아산(P&W eng),거래종료,담당자없음
Z가스텍(서산),거래종료,담당자없음
Z가스텍(큐에스아이) ,거래종료,담당자없음
Z가스플랫폼,거래종료,담당자없음
Z가스플랫폼(라니아에스테틱),거래종료,담당자없음
Z강남종합가스,거래종료,담당자없음
Z경인에코,거래종료,담당자없음
Z경인특수가스,거래종료,담당자없음
Z경희대학교-산악협력단,거래종료,담당자없음
Z고려특수가스,거래종료,담당자없음
Z광영산업,거래종료,담당자없음
Z광재종합가스,거래종료,담당자없음
Z광주앰코테크놀로지,거래종료,담당자없음
Z국제종합가스,거래종료,담당자없음
Z그린에어가스,거래종료,담당자없음
Z그린활성탄소,거래종료,담당자없음
Z금오가스,거래종료,담당자없음
Z금화테크,거래종료,담당자없음
Z나주신일가스(디투엔지니어링),거래종료,담당자없음
Z나주신일가스(한국가스공사 인천기지본부),거래종료,담당자없음
Z나주신일가스(한국이알이시),거래종료,담당자없음
Z단일가스켐(주),충전소,김명현
Z대건하이텍,거래종료,담당자없음
Z대광가스(남광글라스),거래종료,담당자없음
Z대광가스(미창유리),거래종료,담당자없음
Z대광가스(삼다강업),거래종료,담당자없음
Z대광가스(삼정하이텍),거래종료,담당자없음
Z대광가스(승호정밀),거래종료,담당자없음
Z대광가스(한빛유리),거래종료,담당자없음
Z대광가스B,거래종료,담당자없음
Z대광파워텍,거래종료,담당자없음
Z대길종합가스,거래종료,담당자없음
Z대동라디에터,거래종료,담당자없음
Z대성기계공업,거래종료,담당자없음
Z대성중장비,거래종료,담당자없음
Z대양에너지,거래종료,담당자없음
Z대영산업가스,거래종료,담당자없음
Z대영종합가스,거래종료,담당자없음
Z대유스틸,거래종료,담당자없음
Z대유코아,거래종료,담당자없음
Z대한산업가스,거래종료,담당자없음
Z대호,직납처,박준우
Z대호종합가스(대주중공업),거래종료,담당자없음
Z대호종합가스(삼우철강),거래종료,담당자없음
Z더베스트하우스,거래종료,담당자없음
Z덕산정밀,거래종료,담당자없음
Z덕양,거래종료,담당자없음
Z데코엑스지,거래종료,담당자없음
Z동광가스,거래종료,담당자없음
Z동덕산업가스(주),거래종료,담당자없음
Z동방성신(두진기공),거래종료,담당자없음
Z동방컨테이너,거래종료,담당자없음
Z동아산업가스,거래종료,담당자없음
Z동아이엔지(주),거래종료,담당자없음
Z동아플랜트,거래종료,담당자없음
Z동양가스,거래종료,담당자없음
Z동연캠,거래종료,담당자없음
Z동우가스텍 ,거래종료,담당자없음
Z동은가스텍,거래종료,담당자없음
Z동은스틸,거래종료,담당자없음
Z동호철재,거래종료,담당자없음
Z두손레이저,거래종료,담당자없음
Z두손피씨,거래종료,담당자없음
Z두한테크,직납처,박준우
Z둔포가스(가스코아산),거래종료,담당자없음
Z드림이앤지(본사),거래종료,담당자없음
Z디에스파워(주),거래종료,담당자없음
Z디엠피,거래종료,담당자없음
Z라온시스템(구.천우산업개발),거래종료,담당자없음
Z라이닉스,거래종료,담당자없음
Z라이프턴코리아,거래종료,담당자없음
Z로텍시스템,거래종료,담당자없음
Z메디코넷,거래종료,담당자없음
Z명성산업가스,거래종료,담당자없음
Z명승기업,거래종료,담당자없음
Z모던텍,거래종료,담당자없음
Z모베이스전자(평촌),거래종료,담당자없음
Z미래산업가스,거래종료,담당자없음
Z미래요양,거래종료,담당자없음
Z미래이엔지,거래종료,담당자없음
Z미성종합가스,거래종료,담당자없음
Z밀성가스뱅크,거래종료,담당자없음
Z바른수정형외과의원,거래종료,담당자없음
Z바인컴퍼니,거래종료,담당자없음
Z백암가스(가스텍 인천),충전소,김명현
Z버무리,거래종료,담당자없음
Z비강이앤비,거래종료,담당자없음
Z비엘티2공장,직납처,김혁수
Z비엘티3공장,직납처,김혁수
Z비피엠,거래종료,담당자없음
Z삼광가스테크,거래종료,담당자없음
Z삼마기업,거래종료,담당자없음
Z삼성산소(환경시설관리공단) ,거래종료,담당자없음
Z삼영엔지니어링,거래종료,담당자없음
Z삼영테크,거래종료,담당자없음
Z삼영ENG,거래종료,담당자없음
Z삼원절연,거래종료,담당자없음
Z삼중ENG,거래종료,담당자없음
Z상보특수용접,거래종료,담당자없음
Z서동플랜트,거래종료,담당자없음
Z서진산업가스(당진),거래종료,담당자없음
Z석전의료공업,거래종료,담당자없음
Z선도,거래종료,담당자없음
Z선도(진천공장),거래종료,담당자없음
Z선우하이테크,거래종료,담당자없음
Z선진테크,거래종료,담당자없음
Z성대이엔지,거래종료,담당자없음
Z성심산업/탱크,거래종료,담당자없음
Z성심이엔씨,거래종료,담당자없음
Z성진테크,거래종료,담당자없음
Z성천기공,거래종료,담당자없음
Z세광산업2공장,거래종료,담당자없음
Z세종솔루션(엔에스제이),거래종료,담당자없음
Z세진가스텍(대흥정밀),거래종료,담당자없음
Z세진가스텍(동양특장),거래종료,담당자없음
Z세진가스텍(동우기업),거래종료,담당자없음
Z세진가스텍(삼양레이져),거래종료,담당자없음
Z세진가스텍(상록금속),거래종료,담당자없음
Z세진가스텍(성진모터스),거래종료,담당자없음
Z세진가스텍(신원산업),거래종료,담당자없음
Z세진가스텍(안성에스티),거래종료,담당자없음
Z세진가스텍(영신산업),거래종료,담당자없음
Z세진가스텍(유엔아이테크),거래종료,담당자없음
Z세진가스텍(지온플러스),거래종료,담당자없음
Z세진가스텍(청송철강),거래종료,담당자없음
Z세진가스텍(탑이엔지),거래종료,담당자없음
Z세진가스텍(태성엠에스),거래종료,담당자없음
Z세진가스텍(한강진공열처리),거래종료,담당자없음
Z세진가스B,거래종료,담당자없음
Z세진티타늄,거래종료,담당자없음
Z속초의료원,거래종료,담당자없음
Z솔루머스,직납처,박준우
Z수원대학교산학협력단,거래종료,담당자없음
Z수원시상수도사업소,거래종료,담당자없음
Z순바이오가스(샛별수산),거래종료,담당자없음
Z승리전력,거래종료,담당자없음
Z시민종합가스,거래종료,담당자없음
Z신광하이텍,거래종료,담당자없음
Z신비오켐(부경금속열처리),거래종료,담당자없음
Z신우플랜트산업,거래종료,담당자없음
Z신유성산업,거래종료,담당자없음
Z신일본사(대영산업가스),거래종료,담당자없음
Z씨엔에스켐,거래종료,담당자없음
Z씨케이복층유리,거래종료,담당자없음
Z아론,거래종료,담당자없음
Z아이텔,거래종료,담당자없음
Z아이티비,거래종료,담당자없음
Z아주대학교,거래종료,담당자없음
Z아진산업가스,거래종료,담당자없음
Z안산산업가스(넥스플러스),거래종료,담당자없음
Z안산산업가스(레어템),거래종료,담당자없음
Z안산산업가스(명성이엔지),거래종료,담당자없음
Z안산산업가스.,거래종료,담당자없음
Z안산산업가스탱크,거래종료,담당자없음
Z알파스코리아,거래종료,담당자없음
Z에너지프라자(디엘다이아몬드),거래종료,담당자없음
Z에너지프라자(명진엔지니어링),거래종료,담당자없음
Z에너지프라자(성일산업),거래종료,담당자없음
Z에너지프라자(엘코스틸),거래종료,담당자없음
Z에너지프라자(지엠레이저),거래종료,담당자없음
Z에너지프라자(평택화력발전소),거래종료,담당자없음
Z에스아이 ENT,거래종료,담당자없음
Z에스앤엠,거래종료,담당자없음
Z에스에이치씨중공업,거래종료,담당자없음
Z에스엔에프,거래종료,담당자없음
Z에스엘지(대광산업),거래종료,담당자없음
Z에스엘지(인천),충전소,김명현
Z에스엘지(진성중공업),거래종료,담당자없음
Z에스엘지(화성),거래종료,담당자없음
Z에스엠산업가스,거래종료,담당자없음
Z에스엠텍,거래종료,담당자없음
Z에스케이가스.,거래종료,담당자없음
Z에스케이가스텍(제이에스플랜트),거래종료,담당자없음
Z에스케이가스텍(해성기공-순천향),거래종료,담당자없음
Z에스케이가스텍(해성기공-오산),거래종료,담당자없음
Z에스케이종합가스,거래종료,담당자없음
Z에스코(국제종합가스),거래종료,담당자없음
Z에스코가스산업,거래종료,담당자없음
Z에어리퀴드,거래종료,담당자없음
Z에어텍,거래종료,담당자없음
Z에이원씨엔에스,거래종료,담당자없음
Z에이원테크(주),충전소,김명현
Z에이지씨,거래종료,담당자없음
Z에코산업가스,거래종료,담당자없음
Z에프엠에스코리아,거래종료,담당자없음
Z엔케이텍,거래종료,담당자없음
Z엔케이플랜트,거래종료,담당자없음
Z엔티에스(화성),직납처,박준우
Z엘스,거래종료,담당자없음
Z엘에스와이(상용상사),거래종료,담당자없음
Z엘에스와이(포천),거래종료,담당자없음
Z엘오엘,직납처,박준우
Z엠시스텍,거래종료,담당자없음
Z엠시스텍(안성공장),거래종료,담당자없음
Z엠제이씨,거래종료,담당자없음
Z엠제이테크,직납처,김혁수
Z연경기초소재,거래종료,담당자없음
Z연세대학교,거래종료,담당자없음
Z연화상회,거래종료,담당자없음
Z영광이엔지,거래종료,담당자없음
Z영광하이텍,거래종료,담당자없음
Z영북가스,거래종료,담당자없음
Z영풍정밀-식당,거래종료,담당자없음
Z영풍정밀-펌프,거래종료,담당자없음
Z예인철강,거래종료,담당자없음
Z오케이가스,거래종료,담당자없음
Z온리이엔지,거래종료,담당자없음
Z와이엔씨,거래종료,담당자없음
Z용역운송(OB맥주-에스앤디),거래종료,담당자없음
Z용진기공,거래종료,담당자없음
Z우리들산업,거래종료,담당자없음
Z우성정공,거래종료,담당자없음
Z우주컨테이너,거래종료,담당자없음
Z우진가스텍,거래종료,담당자없음
Z우창.,거래종료,담당자없음
Z우창산업건설,직납처,박준우
Z울타리,거래종료,담당자없음
Z원이엔지.,거래종료,담당자없음
Z원진이엔지,거래종료,담당자없음
Z웨이브,거래종료,담당자없음
Z위드스틸,거래종료,담당자없음
Z유공가스,거래종료,담당자없음
Z유공가스(씨에스티),거래종료,담당자없음
Z유공가스(영풍정밀-밸브),거래종료,담당자없음
Z유닉,거래종료,담당자없음
Z유동금속,직납처,박준우
Z유에스솔루션,거래종료,담당자없음
Z유진산업가스(주),거래종료,담당자없음
Z유진화학,거래종료,담당자없음
Z유피아,거래종료,담당자없음
Z유피아(용인),거래종료,담당자없음
Z유한가스화학,충전소,김명현
Z유한산업,드라이아이스,김효동
Z윤지양행,거래종료,담당자없음
Z은명건설,거래종료,담당자없음
Z이노크린 주식회사(드라이아이스텍),드라이아이스,김효동
Z이레산업,거래종료,담당자없음
Z이신크레인,거래종료,담당자없음
Z이젠테크,거래종료,담당자없음
Z이화산소,거래종료,담당자없음
Z재성테크,거래종료,담당자없음
Z전진CSM,거래종료,담당자없음
Z제이비에너텍,거래종료,담당자없음
Z제이씨가스,거래종료,담당자없음
Z제이씨광주,거래종료,담당자없음
Z제이씨산업,거래종료,담당자없음
Z제이엔피엔지니어링,거래종료,담당자없음
Z제이티,거래종료,담당자없음
Z제일밴딩,거래종료,담당자없음
Z제일플랜트,거래종료,담당자없음
Z제일플랜트(마도공장),거래종료,담당자없음
Z제일플랜트(발안공단),거래종료,담당자없음
Z제주콜드체인,드라이아이스,김효동
Z주경산업,거래종료,담당자없음
Z주원산기,거래종료,담당자없음
Z중원산업가스,거래종료,담당자없음
Z지성엔지니어링,거래종료,담당자없음
Z지에스네트웍스,드라이아이스,김효동
Z지에스리테일,거래종료,담당자없음
Z지엠철강,직납처,김혁수
Z지오텍,직납처,박준우
Z진산에스티,거래종료,담당자없음
Z진양에스엠,거래종료,담당자없음
Z진진산업가스(주),거래종료,담당자없음
Z진텍코리아,거래종료,담당자없음
Z참사랑요양,거래종료,담당자없음
Z창산업,거래종료,담당자없음
Z창성에스티,직납처,박준우
Z창신화학,거래종료,담당자없음
Z창호이엔지,거래종료,담당자없음
Z청명플랜트,거래종료,담당자없음
Z청우GNT,거래종료,담당자없음
Z청정종합에너지,거래종료,담당자없음
Z컬리,드라이아이스,김효동
Z케이엔비,거래종료,담당자없음
Z케이엘테크,거래종료,담당자없음
Z케이제이플랜트,거래종료,담당자없음
Z케이테크,거래종료,담당자없음
Z코리아에어텍,거래종료,담당자없음
Z코리아오토,거래종료,담당자없음
Z코리아이테크,거래종료,담당자없음
Z코마산업개발,거래종료,담당자없음
Z코멧네트워크,거래종료,담당자없음
Z코오롱엘에스아이주식회사,직납처,박준우
Z태경에코,충전소,김명현
Z태광기업-식당,거래종료,담당자없음
Z태광산업가스(동화산업가스),거래종료,담당자없음
Z태산자원,거래종료,담당자없음
Z태성산업가스,거래종료,담당자없음
Z태성이엔지,거래종료,담당자없음
Z태성이엔지(포승공장),거래종료,담당자없음
Z태승이엔씨,거래종료,담당자없음
Z태원용접기,직납처,박준우
Z태화인더스(구.엠제이테크),직납처,김혁수
Z테크니컬코리아,거래종료,담당자없음
Z토탈이엔지,거래종료,담당자없음
Z토탈콤프레샤,거래종료,담당자없음
Z티에스코,거래종료,담당자없음
Z티에스타이어,거래종료,담당자없음
Z티피에스,거래종료,담당자없음
Z파오,거래종료,담당자없음
Z평창철강,거래종료,담당자없음
Z평화산업가스,거래종료,담당자없음
Z포엠,거래종료,담당자없음
Z프로트,거래종료,담당자없음
Z프론티스,거래종료,담당자없음
Z프리즘코리아(주),거래종료,담당자없음
Z플로트론,거래종료,담당자없음
Z플루오텍,거래종료,담당자없음
Z피에스지(대성충전소),거래종료,담당자없음
Z피에스지(연기공장),거래종료,담당자없음
Z피에스켐,거래종료,담당자없음
Z피엔에프,거래종료,담당자없음
Z한국노블가스,거래종료,담당자없음
Z한국린나이종합가스,거래종료,담당자없음
Z한국비엔텍,거래종료,담당자없음
Z한국수소,충전소,김명현
Z한국수자원공사,거래종료,담당자없음
Z한국프렉스에어,거래종료,담당자없음
Z한산정밀,거래종료,담당자없음
Z한성고주파,거래종료,담당자없음
Z한성포장,거래종료,담당자없음
Z한일가스테크(A),거래종료,담당자없음
Z한일가스테크(B),거래종료,담당자없음
Z한일특수가스,거래종료,담당자없음
Z한주철강,거래종료,담당자없음
Z한진가스텍,거래종료,담당자없음
Z합동특수가스,거래종료,담당자없음
Z현대마북연구소(동덕산업가스),거래종료,담당자없음
Z현석가스,거래종료,담당자없음
Z형제산업가스(태흥철강),거래종료,담당자없음
Z호성이엔지,거래종료,담당자없음
Z환경시설관리 주식회사,거래종료,담당자없음
Z히아브,거래종료,담당자없음
,,