거래처,주소,전화번호,팩스번호
가스코아산(대창),경기도 시흥시 공단1대로 391,010-9077-2486,
가스코아산(몰드스틸),경기도 화성시 팔탄면 밤뒤길 92-72,010-3754-2622,
가스코아산(아래스가스),경기도 화성시 효행구 봉담읍 향봉로 128,031-295-6860,031-295-6862
가스코아산(아론),,010-5255-9112,
가스코아산(에스에프에이),경기도 화성시 영천로 38(영천동),,
가스코아산(파라텍1),경기 화성시 반월동 295-3 / 반월길 40번길 66,010-3201-1360,
가스코아산(폴라리스AI파마),,,
가스코아산(하나이엔지),경기도 화성시 우정읍 흥천길 151,010-8783-5016,
가스코아산(한양이엔지),,,
가스코아산(현진산업),경기도 안산시 상록구 팔곡이동 615-5,,
가스코아산(DM특장),,,
가스코아산.,충남 아산시 둔포면 윤보선로 555,041)543-6582,041)543-6584 
가스테크코리아,충북 진천군 진천읍 성중로 215,043-537-1006,043-537-1003
가스텍(고려신소재),인천광역시 남동구 고잔동,032-818-2451,
가스텍(대흥정공),,,
가스텍(미성르호봇),경기 화성 율암리 163,010-4136-3286,
가스텍(인천),인천광역시 서구 북항단지로 86,032-822-3314,032-822-3315
개인판매,,,
경민산업,"경기도 안성시 대덕면 모산로 243, 2동(84-3)",031-653-9223,031-676-9223
고려대한가스,경기도 화성시 팔탄면 안산동길 61,031-354-3399,
고려산업가스,울산광역시 울주군 온산읍 화산리 1218-3,,
공도(한일가스충전소),,,
공도.,경기 화성 향남읍 토성로 330-11,031-233-2628,232-6315
공성기계,"경기도 화성시 팔탄면 버들로 1362번길 15-27, 에이동, 비동",010-9435-1352,02-2060-1356
광양종합가스(주),전남 광양시 산업로 25 (태인동),061-792-0128,061-792-2568
국제산업가스,경기 안양시 동안구 시민대로 95(호계동),031-452-1533,031-429-9458
금성종합가스,"경기 시흥시 오이도로 22-29 (정왕동,시화공단1다1001호)","031-431-6408,494-1122",031-431-6409
나주신일가스(주),전라남도 나주시 동수농공단지길 124(운곡동),061-335-9955~7,061-335-6888
다올이앤씨 주식회사,"서울특별시 강동구 상일로6길 51(상일동,다올빌딩 9층,10층)",043-878-4545~6,043-878-4554
단일시스켐,경기 화성 정남면 귀래리 449-14,031-378-0288,031-378-0289
단일시스켐(음성),충청북도 음성군 음성읍 한불로69번길 12-7,010-5087-7889,
대광가스.,경기도 화성시 남양읍 현대기아로 595,010-4210-3755,031-353-5981
대성가스텍,경기 화성 향남읍 동오리 76-2,031-359-8060~2,031-359-8063
대성스틸,"경기도 화성시 마도면 청원산단로 178, 160",031-366-9723,031-366-7144
대성플랜트,전곡산단11길 78,031-357-4031,031-357-4021
대승산업가스,경기도 안성시 서운면 송정리 151-1,031-675-3400,031-675-3410
대영가스상사,경기도 화성시 향남읍 장짐리 303-4,031-353-2885,031-353-5548
대진에스에이,경기도 화성시 팔탄면 석포로 68-39 (서근리1-92),010-2074-3154,031-359-9024
대한산업가스,경기도 화성시 양감면 사격장길 99-29,031-668-6644,031-354-6756
대한산업가스(당진),충청남도 당진시 석문면 감목길 2,041-355-1722,041-355-2933
대한특수가스,경기도 김포시 하성면 하성로 710,02-3663-2825,031-984-5214
대현엔지니어링,경기 화성 마도면 청원리 12-21번지,010-8924-4039,031-357-1548
대흥샤링,충남 천안시 서북구 신당동 565-3,041-621-1143,041-621-1153
대흥정공.,충청남도 서산시 성연면 해성산업로 148-16,041-429-0021,041-429-0023
더원코리아,경기도 화성시 송산면 송산서로239번길 27-51,010-3651-8767,031-356-1695
덕양가스(당진),충청남도 당진시 석문면 통정리 1404-1,,
동아기술(구.동아플랜트),경기도 화성시 장안면 노진리 930-271,010-3500-6922,031-358-4980
동양산업가스,경기도 광주시 곤지암읍 경충대로 820,031-764-6635,031-764-7037
동원엔지니어링,"충청남도 천안시 서북구 성정공원6길 1-10 104(성정동,로렉스빌)",,
동주산업,경기 화성 향남읍 구문천리 923-2 발안지방산업단지 C-20-2블럭 ,031-354-8330,031-354-8325
두산판금,경기도 시흥시 정왕동 공단3대로 153,031-432-0783,031-432-0785
두영에스티,경기도 남양주시 화도읍 재재기로 137-2,031-594-8328,
드림레이저,경기도 화성시 양감면 정문송산로 93번길 10-47,031-352-1428,031-352-1429
드림맥,경기 화성시 향남읍 만년로151번길 106-27,031-366-4270,031-366-4273
드림이앤지(팔탄),경기 화성 팔탄면 노하길 377,031-356-9385,031-356-9384
디아이이앤티,"서울 성동구 아차산로17길 49, 10층 1004호",070-5138-2101,070-5138-1040
디아이지에어가스(구.대성),"서울 구로구 경인로 662(신도림동, 디큐브시티)",,
디에스텍,경기 화성 우정읍 버들로 372,031-358-6655,031-352-5732
디자인비무(구.이랜드서비스),"경기도 안산시 단원구 정왕천동로70번길 32,1층(성곡동,시화공단 4마 711호 1층공장 301호)",031-506-9494,031-506-9495
디케이가스,경기도 화성시 서신면 마도로 30,010-2661-2563,
라쿨 주식회사(구.신정우),경기도 화성시 팔탄면 시청로721번길 71,031-354-5335,031-696-5332
린데코리아,,,
마스터엔지니어링,"경기도 시흥시 군자천로9번길 54(정왕동, 시화공단 2바 714-1)",031-497-9098,031-497-9097
명성씨엠아이,"경기도 화성시 동탄첨단산업1로 27, 비동 1819호(영천동, 금강펜테리움아이엑스타워)",,
명성코리아테크놀러지,경기도 안산시 단원구 지원로 196(성곡동),,
명인ENG,경기도 평택시 서탄면 수월암5길 37,031-662-3491,031-611-3493
모베이스전자,경기 수원시 권선구 산업로156번길 100(고색동),,031-5174-3380
모소디엔엠(구.한성포장),경상남도 통영시 도산면 법송3길 54-5,055-644-0202,055-642-0202
목포신일가스,전라남도 영암군 삼호읍 난전리 1703-2 대불공단 37-2 블럭,061-462-8981~4,061-462-8985
목포신일가스(한국가스공사 경기지역본부),안산시 상록구 수인로 1248,010-8867-9448,
목포신일가스(한국가스공사 인천지역본부),,,
무한상사,충청북도 음성군 금왕읍 금왕테크노3길 41,010-4780-9435,0504-243-3216
밀성산업가스,경기 화성 팔탄면 포승향남로 2960-115,031-8059-5502~3,031-8059-5952
반석리퀴드앤이엔지,경상남도 밀양시 초동면 명성리 227-1,,
보성엔지니어링(구.신세계),"경기도 화성시 효행로 1243-5, 2층(반월동)",031-225-7871,031-225-7872
복지종합가스,경기도 양주시 칠봉산로131번길 34-26(봉양동),031-858-7373,031-858-7376
부경가스텍,경상남도 김해시 생림면 생철리 238-1,055-336-4040,055-336-4030
부림가스,경기도 수원시 영통구 삼성로320번길 42(원천동),031-214-8204,031-213-9115
부성스틸,경기 화성 양감면 송산리 364,031-8059-7740,031-8059-7741
비엘티(구.에스앤케이),"경기 평택시 청북읍 드림산단5로 50,비동",,
삼보동양,경기 화성 남양읍 현대기아로 625,031-418-3410,031-418-3510
삼성가스,인천 남동구 고잔로 71 (고잔동),032-446-6200,032-446-6199
삼성산업가스,경기도 화성시 정남면 만년로 635-10,031-204-5050,031-204-0482
삼양산업,경상북도 포항시 북구 흥해읍 동해대로 1887,054-262-0033,054-262-0038
삼정가스공업,인천광역시 서구 신현동 224,032-575-1441~5,032-583-1009
삼정특수가스,경기도 화성시 양감면 개월안길 110-22,031-354-5527,031-354-5526
서부모터펌프,경기도 화성시 팔탄면 푸른들판로1010번길 85-6,070-8285-1887,070-4833-1882
서울특수가스,충청북도 음성군 금왕읍 금일로 520,02-2663-8434,02-2663-8454
서원플랜트(태성이엔지),경기도 화성시 마도면 해운로 731-3,031-355-2882,031-355-6556
세광산업1공장,경기 화성 마도면 마도공단로4길 24-4 (마도산업단지6B-6L),031-319-3233~4,031-355-1506
세종산업가스,세종특별자치시 전동면 운주산로 638,044-865-9505,044-865-9508
세진가스텍(매크로드)구.태경,경기도 안성시 보개면 남사당로 340-28,,
세진가스텍(명성중공업),경기 평택시 포승읍 만석길 18번지,031-686-9625,
세진가스텍(성호에스엔비),경기도 화성시 향남읍 서봉로 395-40,031-232-4141,
세진가스텍(세양H&S),경기 시흥시  정왕동 시화벤처로 194번지(MTV 2사 602호),031-434-6551,
세진가스텍(세종기공),경기도 안산시 단원구 성곡로 198번길 5,031-494-4220,
세진가스A,,031-354-3713,031-354-3090
승우산업,"경기도 광주시 도척면 다람로 114, 1층",031-8027-0045,031-8027-0046
신비오케미컬,충청남도 서산시 대산읍 대죽산업로 56,041-669-6425,041-669-6426
신비오켐,전남 여수시 여수산단로 734,061-684-6425,061-684-6428
신아기계,경기도 화성시 팔탄면 현대기아로 15-37,031-366-4448,031-8059-4449
신양메디슨(가스코아산),,,
신일가스(본사),광주 광산구 하남산단5번로122 (장덕동),062-951-0011,062-951-8594
신천종합가스,경기도 시흥시 미산로 111-6(미산동),031-315-6161,
신흥이엔지,강원도 속초시 농공단지길 90(대포동),010-8839-4840,
씨에스가스텍,경기 화성 송산면 칠곡길 157,031-352-9078~7,031-355-4992
아이스푸드앤바인(구.바인컴퍼니),충청북도 음성군 금왕읍 성본산단1로 163,010-3736-4827,031-297-0038
에니스,경상북도 영천시 북안면 유하큰길 43,031-682-6654,031-683-6650
에스앤디 주식회사,울산 남구 장생포고래로 317(매암동),052-226-6000,052-226-6099
에스앤디(한국가스공사 서울지역본부),경기 고양시 일산 동구 경의로 127(백석동 1143-2),010-4678-4214,
에스앤케이.,경기 평택시 청북읍 드림산단5로 50,031-683-1858,031-683-1859
에스에이치코리아,경기도 김포시 대곶면 송마로52번길 67,031-988-1538,031-624-1539
에어퍼스트,경기 용인 기흥구 농서로 60,,
에어프로덕츠,,,
에이원의료기산업,경기 화성 팔탄면 안산동길 88-26,031-293-6008,031-227-3684
에이치엘비생명과학,"경기도 화성시 동탄구 동탄첨단산업1로 51-9, 8층(영천동,엠타워지식산업센터)",,
에이치이엠씨,"전라남도 나주시 교육길 14, 701-에이4호(빛가람동, 동신대 에너지클러스터)",,
에프알디,충청북도 진천군 이월면 장수로 343-1,043-536-0395,043-536-0399
엔케이철강,경기 화성 장안면 석포리 665-23번지,031-474-0050,031-474-0053
엔투,"경기도 시흥시 공단1대로 379번길 22, 시화공단 4나 501호(정왕동)",031-431-9947,031-431-9946
엔티에스(김포),"경기도 김포시 김포한강10로133번길 107, A동 3층 365호(구래동)",010-8531-8928,
엘에스와이산업가스,경기 부천시 오정구 송내대로518번길 110(삼정동),032-677-8641,032-683-8002
엠에스동민특수가스,경기도 평택시 청북면 고렴길 181번길 13,031-683-8031,031-683-0921
엠에스테크,경기도 평택시 서탄면 수월암5길 37,,
엠제이쿼츠,충청북도 진천군 문백면 농다리로 200(석인글라스),010-6434-3023,
영광특수가스,경기 광주시 진토길21번길 39(목동),031-502-3592,031-502-3591
영신방재,경기도 화성시 송산면 송산산단길 127,010-3095-7142,
영신에프엔씨,경기도 화성시 마도면 마도로620번길 22-15,031-366-8474~6,031-366-8408
영신이엔에스,경기도 화성시 마도면 마도로 620번길 22-15,031-366-8474,031-366-8408
영신코아스,경기 화성 마도면 마도로620번길 22-15,031-366-8474,031-366-8408
예성이엔지(당진),충남 천안시 서북구 성거읍 오송1길 114-12,041-569-2586,041-569-2587
예성이엔지(아산),충남 천안시 서북구 성거읍 오송1길 114-12,041-569-2586,041-569-2587
예성이엔지(오산),경기도 오산시 지곶중앙로88 원정이엔지,041-569-2586,041-569-2587
오비맥주(용역운송),"경기 이천시 부발읍 경충대로 2341, 1층",,
용역운송(OB맥주-신비오),,,
용진,경기도 평택시 청북읍 드림산단2로 63,031-8059-3412,031-8059-3414
우창산업건설(주),"경기도 안산시 단원구 광덕대로 187, 5층 505호(고잔동, 장은타워)","031-482-9200,9201,9307",031-482-9203
원이엔지,경기도 화성시 서신면 전곡산단13길 7,070-4509-7472,050-8090-4648
위드산업조명,경기도 화성시 장안면 석포리 761-58,031-357-7272,031-355-6699
유니온가스,경기도 화성시 정남면 시청로 1732-69,031-8059-5155,031-8059-5159
유엔씨테크,경기도 화성시 정남면 정남산단2길 18,031-366-7333,031-366-7330
유진화학(안중),경기 평택시 포승읍 325-2,031-682-4477,031-682-8379
유한가스화학(주),경기도 화성시 송산면 당성로 487-18,031-356-8110,031-356-8120
유한에프앤디(구.유한산업),"경기도 이천시 호법면 안평로 59-35, 비동 2층",,
윤익스디티에스,경기 용인시 처인구 남사읍 원암로 323,,
이엔에이치,충청남도 아산시 둔포면 아산밸리북로 112,041-548-5325,
이화산업가스,경기도 시흥시 오이도로 22-29 (정왕동),031-498-6900,031-497-8318
일광잉크페인트,경기도 화성시 마도면 마도로 421-19,031-355-0991,031-355-0980
일영랩,경기도 화성시 반월길 12번길 9-11(반월동) ,031-237-3301,031-237-3302
재원인더스트리,경기 화성 송산면 송산포도로 601-32,031-355-5404,031-355-5405
정도레이저,경기도 화성시 마도면 마도로 527,010-9409-8005,031-357-6443
정아유압,경기 화성 마도면 마도로660번길 37-12,031-355-5552,031-356-5991
제원산업,경기 평택시 서탄면 수월암리 539,031-663-9264,031-664-2363
제이와이스틸,경기 화성시 서신면 화성로 106-7,031-357-9417,031-357-9419
제이케이지산업가스(구.서진산업가스),"경기도 김포시 대곶면 약암로 497, 외 3필지",031-983-8533,031-983-8633
제일가스,인천광역시 서구 두루물로8번길 46 (오류동),032-567-6050,032-567-6058
제티아,인천광역시 남동구 만월북로2번길 34(간석동),010-3934-3590,
중도가스(용기폐기),,,
중원산업가스,충청남도 당진시 역천로 39(구룡동),041-357-5007~8,041-355-0905
지앤티테크,경기 화성 향남읍 서봉로 675,031-831-3616,031-831-3617
지엠레이저,충남 당진시 송악읍 순성로 822-49,010-2256-0070,
지오에스앤피,"경기도 평택시 울성길 243, 3동(지제동)",,
지윤주식회사,인천광역시 서구 북항로 207번길 41(원창동),010-7368-1024,
지현이엔지,"경기도 화성시 팔탄면 서해로 1327-16, 사무실동 2층",010-6505-1015,
진성테크원,경기도 화성시 팔탄면 고주동방길 16-27,010-4301-0796,
진양비지엠텍,경기 화성 팔탄면 노하길 367,031-8059-5242,031-366-5203
창신플라텍,경기도 화성시 장안면 매바위로366번길 75,031-355-7333,031-355-7332
천보기계,경기 화성 마도면 쌍송길 60-71,031-831-3522,031-355-4732
천해고압용기,부산 사상구 낙동대로 1314,,
칠성가스,경기 화성 팔탄면 노하리 1096-1,031-357-0700,031-357-5039
케이디피주식회사(구.한국다이아몬드),경기도 화성시 팔탄면 온천로 437-17,031-366-6705,031-366-6707
케이엘텍,"경기도 안산시 단원구 첨단로 175,910호(성곡동, 시화공단 5바)",031-433-5533,031-433-5885
코오롱글로벌,"경기도 과천시 코오롱로 11, 6층(벌양동, 코오롱)",02-2199-1942,02-2199-1943
코웨이엔텍,"서울특별시 성북구 화랑로 76, 202호(하월곡동, 코업스타클래스)",,
큐에스아이,충남 천안시 서북구 성거읍 천흥8길 17번지,,
태광기업,경기 화성 효행로 1319(반월동),031-223-2900,031-223-2904
태광산업가스,경기 이천시 진상미로 2315(장록동),031-635-3628,031-633-6612
태성레이저(벌크),"경기도 화성시 팔탄면 버들로1362번길 14, 비동",010-8059-0595,031-8059-0596
태성레이저(실린더),경기도 화성시 팔탄면 버들로1362번길 14,031-8059-0595,031-8059-0596
태성EPS,충청북도 충주시 대소원면 메가폴리스2로 36,043-724-0020,043-724-0070
테크린주식회사,충청남도 천안시 서북구 입장면 삼사로 2028-24,041-581-7701,041-581-7702
티에스케이가스 주식회사,경기도 김포시 월곶면 애기봉로 293,031-997-3033,031-987-3040
포엠주식회사,"경기도 시흥시 마유로132번길 56, 3라708호(정왕동,상훈전기)",031-497-7730,031-497-7720
품목구분용,,,
피에스지(코스본주식회사) ,"부산광역시 동구 자성로133번길 15, 12층(범일동)",041-557-1671,041-558-6144
피케이지,"경기 시흥시 엠티브이26로 58번길 31(정왕동, 2사405호)",070-5034-3504,031-696-5002
하이레이저 ,경기도 광주시 초월읍 현산로385번길 1,031-769-0015,031-769-0016
하이레이저(안성),"경기도 안성시 미양면 안성맞춤대로 596, 1동 1층 1호",070-8898-0418,031-674-7708
한국가스코,경기도 김포시 통진읍 옹정로 27,1577-4625,031-982-1992
한국메티슨특수가스,충청남도 아산시 음봉면 음봉면로 94,041-539-7467,041-539-7499
한국생산기술연구원,충청남도 천안시 서북구 입장면 양대기로길 89,,
한국스페셜가스,경기 김포시 대곶면 송마리 635-1,031-989-7125,031-989-7126
한국콜드체인,경기도 이천시 경충대로3070번길 154-3(사음동),031-631-5260,031-634-5260
한국탄산,경기도 시흥시 서해안로 140(정왕동),031-498-9231,031-498-9237
한국특수가스,충청남도 당진시 석문면 대호만로 1903-13,031-415-0305,031-408-0305
한성중기,"경기도 화성시 큰재봉길 23-4, 202호(석우동, 석진블루체)",031-613-7771,031-624-7303
한성플랜,경기도 광주시 도척면 저수지길 90-32 2층,031-798-7847,031-798-7838
한양종합가스,경기 시흥시 정왕동 2208-1,031-434-1414,031-434-0064
한울티엘,"경기도 화성시 팔탄면 서해로 1327-9, 1층, 2층",031-246-0810,031-246-0811
한일가스충전소,충남 천안시 동남구 중리1길 93(구룡동),041-574-5007,
현대연구소(남양),경기도 화성시 현대연구소로 150,,
현대연구소(마북),경기도 화성시 현대연구소로 150,,
현동산업,"경기도 화성시 팔탄면 온천로 43-5, 3동",010-3918-9099,
형제산업가스,"서울 구로구 고척로60번길 13, 1층상가 (고척동)",02-2645-6800,02-2645-6825
화성신일가스,,,
화성앰코테크놀로지,인천 연수구 송도미래로 150,,
화성LPG충전소,경기 화성 팔탄면 구장길 106,031-354-6611~0,031-354-6213
화인실텍,경기 광주시 곤지암읍 경충대로 784-82,,
KS테크,,031-658-7440,031-658-7439
MS가스,,,
MS가스(전북영업소),,063-856-1215,063-856-1217
MS가스(천안),,,
Z82항공정비창,충남 서산시 해미면 신성로 330-1 사서함 384-27호 (연암초등학교),,
Z가람플랜트,경기도 화성시 우정읍 기아자동차로299번길 51-46,,
Z가스켐(팔탄),경기 화성 팔탄면 터넉골로 70,031-352-9064,031-352-9065
Z가스켐테크놀로지,충북 진천군 덕산면 신척산단5로 74,043-532-9611,043-532-9711
Z가스코,충청남도 아산시 둔포면 윤보선로 555,041-543-6582,041-543-6584
Z가스코아산(가람이앤지),충청남도 아산시 음봉면 산동로 80-20 1층,041-531-2901,041-531-2902
Z가스코아산(경성이테크),화성시 장지동 826번지 ,,
Z가스코아산(나온)-에스앤지테크,경기도 오산시 경기대로636번길 126-47(외삼미동),,
Z가스코아산(라누이엔지),경기도 화성시 고매동 560번지 ,,
Z가스코아산(성신ENG),,,
Z가스코아산(승지플랜트),경기도 시흥시 시화공단1다106호 kgets공장,,
Z가스코아산(아진산업건설),"경기도 용인시 기흥구 상갈로23번길 8, 308호(상갈동)",,
Z가스코아산(에스앤지테크) -대진테크,경기 오산시 외삼미로 60-16,010-5910-6561,
Z가스코아산(일성광고기획),경기도 시흥시 정왕천로 355번길 6,,
Z가스코아산(진성이엔지),경기도화성시 동탄대로21길 10 더퍼스트타워 2002호,031-372-7553,031-613-7976
Z가스코아산(투엘보),,,
Z가스코아산(티엠비),인천광역시 남동구 남동서로 23번길 남동공단 123BL13로,,
Z가스코아산(파라텍2),경기 화성시 금곡동 511-6,010-8011-8346,
Z가스코아산(파라텍3),경기도화성시반월동333-9,,
Z가스코아산(파라텍MR2),경기 용인시 기흥구 고매동 224,,
Z가스코아산(한양이엔지DS),경기 용인 기흥구 고매동 219-5,010-7474-3892,
Z가스코아산(한일가스),경기도 시흥시 오이도로 22-29번길,031-498-8203,031-498-0936
Z가스코아산(화성케미칼),,,
Z가스코아산(P&W eng),경기 시흥시 정왕동 1238-3,010-2351-5087,
Z가스텍(서산),충청남도 서산시 음암면 석동로 394(외2필지),041-667-0984,041-667-0985.
Z가스텍(큐에스아이) ,충남 천안시 서북구 성거읍 천흥8길 17 ,041-667-0984,041-667-0985
Z가스플랫폼,경기 안양 동안구 시민대로383번길 18(관양동),,
Z가스플랫폼(라니아에스테틱),경기도 안양시 동안구 시민대로383번길 18(관양동),,
Z강남종합가스,울산광역시 울주군 상북면 길천산업 2길 2 ,052-933-6000,052-933-6001
Z경인에코,,031-353-8619,
Z경인특수가스,인천광역시 남동구 논현동 111-179 제5호,032-446-1177,032-442-6867
Z경희대학교-산악협력단,"서울 동대문구 경희대로 26 (회기동, 경희대학교 서울캠퍼스)",010-8993-7787,
Z고려특수가스,경기 화성 팔탄면 안산동길 61,031-354-3399,031-354-6164
Z광영산업,경기 시흥시 정왕동 1381-11 시화공 3마-418,010-7441-2251,031-319-6529
Z광재종합가스,"경기 시흥시 오이도로 22-29 (정왕동, 1다1001)",031-491-0006,031-491-1295
Z광주앰코테크놀로지,,,
Z국제종합가스,경기도 안양시 동안구 시민대로 95(호계동),010-4595-0341,031-427-4703
Z그린에어가스,경기 파주시 문산읍 화석정로 2-3,032-822-6663,032-822-6664
Z그린활성탄소,경기 화성 팔탄면 서해로 1313번길 33-19,031-8059-5391,031-8059-5395
Z금오가스,경기도 파주시 조리면 장곡리 598-36,031-941-9353~5,031-941-3936
Z금화테크,경기 화성 서신면 마도로 70-33,031-366-9358,
Z나주신일가스(디투엔지니어링),경기도 화성시 향남읍 발안공단로 3길 52번지,,
Z나주신일가스(한국가스공사 인천기지본부),인천시 연수구 인천신항대로 960,032-810-4666,032-810-4504
Z나주신일가스(한국이알이시),경기도 화성시 향남읍 발안공단로 283,070-7493-6990,070-8255-6990
Z단일가스켐(주),충북 청원군 오창읍 송대리 311-4,,
Z대건하이텍,경기도 화성시 향남읍 발안로 702-59,031-352-5021,031-352-5031
Z대광가스(남광글라스),,,
Z대광가스(미창유리),충북 음성군 대소면 부윤리 247-1번지,,
Z대광가스(삼다강업),경기 시흥시 마유로 186번길 69 시화산업단지 3다312,031-432-8950,
Z대광가스(삼정하이텍),충남 예산군 삽교읍 효림리 196-6 예산산업단지내 이수(주)공장내 좌측 끝 2번째,,
Z대광가스(승호정밀),,,
Z대광가스(한빛유리),충북 음성군 대소면 내산리 381-1,,
Z대광가스B,경기 화성 남양읍 무송리 128,,
Z대광파워텍,경기 화성 서신면 제부로654번길 46-16,031-366-7834,031-366-7835
Z대길종합가스,경기 화성 정남면 만년로 366,031-222-5567~8,352-2194
Z대동라디에터,경기도 화성시 팔탄면 버들로 1337-16,031-354-6448,0303-0944-6333
Z대성기계공업,경기 화성 정남면 망월리 290,031-213-0092,031-213-9905
Z대성중장비,경기 시흥시 논곡동 96-1,031-8059-6744,031-8059-6748
Z대양에너지,경기도 이천시 마장면 중부대로533번길 42-3,1588-7133,031-637-2766
Z대영산업가스,경기도 화성시 봉담읍 하가등리 262-1,031-295-6860,031-295-6862
Z대영종합가스,전북 군산 소룡 1622,063-467-6860~2,063-467-6863
Z대유스틸,경기 화성 서신면 효자각로 100-15,031-357-8302,031-357-8308
Z대유코아,"부산 사상구 장인로 78번길 13(학장동, 대유코아)",051-313-4270,051-313-4273
Z대한산업가스,경기 화성 마도면 쌍송리 395,031-355-1241~2,031-355-1243
Z대호,"경기도 화성시 양감면 정문송산로241번길 24, 1층",070-8859-1404,031-352-4084
Z대호종합가스(대주중공업),,,
Z대호종합가스(삼우철강),,,
Z더베스트하우스,경기 평택시 안중읍 서해로 1004,031-681-7237,
Z덕산정밀,"경기 화성 비봉면 화성로 1616번길 69-3, 1층",031-357-8653,031-357-8654
Z덕양,충남 서산시 대산읍 독곶1로 41,041-681-3541,
Z데코엑스지,"경기도 화성시 효행로 1243-5,2층(반월동)",010-5720-1658,
Z동광가스,서울 양천구 신정동 170-14,02-2696-2356,02-2643-2414
Z동덕산업가스(주),울산광역시 남구 매암동 133-5,052-226-6040~6000,052-226-6099
Z동방성신(두진기공),경기도 화성시 송산면 칠곡리 17-29,,
Z동방컨테이너,경기 화성 마도면 송정리 116-4번지,031-366-9391,031-366-9392
Z동아산업가스,경기 광주시 송정동 439-1,031-765-3655,031-765-3657
Z동아이엔지(주),경기도 화성시 장안면 버들로 1070-9,031-358-7833,031-351-4300
Z동아플랜트,충청남도 당진시 송악읍 부곡공단4길 53-39,010-3500-6922,
Z동양가스,경기도 안양시 동안구 호계동 656-5,031-455-7000,031-357-5039
Z동연캠,"서울 강남구 논현로2길 66(개포동, 대건빌딩1층)",070-4870-1910,070-8230-2720
Z동우가스텍 ,경기도 시흥시 포도원로116번길24(신천동),,
Z동은가스텍,경기도 안산시 단원구 대부동동 1253-5 ,,
Z동은스틸,서울 영등포구 문래동 3가 54-25번지,02-2678-8423,02-2676-4655
Z동호철재,인천 남동구 고잔동 513-2번지,032-816-5916,032-816-5918
Z두손레이저,경기 안산시 단원구 신길동 332-10,031-494-9547,031-492-4772
Z두손피씨,경기 안산시 단원구 황새바위길 94(신길동322-10),031-494-9547,031-492-4772
Z두한테크,"경기도 화성시 팔탄면 현대기아로 44-34, 1동",,
Z둔포가스(가스코아산),충남 아산시 둔포면 윤보선로 362,041-543-3652,
Z드림이앤지(본사),경기 화성 서신면 송교리 화남지방산업단지3블럭4롯트,031-356-9385,031-356-9384
Z디에스파워(주),경기도 오산시 황새로 149번길55(누읍동),031-370-7400,031-370-7498
Z디엠피,경기도 수원시 권선구 산업로92번길 106(고색동),031-459-6560~2,031-459-6563
Z라온시스템(구.천우산업개발),경기도 화성시 장안면 석포공단길 10-11,031-351-5751,031-351-5750
Z라이닉스,경기 화성 봉담읍 당하리 67 나-101호,031-215-9005,031-215-9014
Z라이프턴코리아,경기 시흥시 비둘기공원 6길 25(대야동 견우프라자 401호),031-8044-7265,031-318-7265
Z로텍시스템,경기 화성 팔탄면 서해로1313번길 27동(비동),070-4147-8240,031-352-8518
Z메디코넷,강원 원주시 문막읍 동화리 1642-5 동화첨단의료기기산업단지내 원주벤처공장1-203,031-742-0240,
Z명성산업가스,인천 강화군 길상면 길상로 98-36,010-4159-3370,
Z명승기업,경기도 시흥시 정왕동 1702번지,031-319-7502~3,031-319-7508
Z모던텍,경기 김포시 대곶면 석정리 91-2,031-983-3681,031-983-3691
Z모베이스전자(평촌),안양시 동안구 부림로 170번길 41-22,010-8969-3456,
Z미래산업가스,경기 안양시 만안구 전파로44번길 19(안양동),031-449-7771~2,031-468-7800
Z미래요양,"경기 안산시 단원구 선부광장1로 38 선부동,상록타운4층",,
Z미래이엔지,경기 화성 봉담읍 덕위길 9-16,031-295-9176,031-295-9177
Z미성종합가스,충청남도 서산시 고북면 고북1로 343-12,041-663-2652,041-663-2733
Z밀성가스뱅크,"경기 화성 정남면 신리 219-1,2",031-352-6914,031-352-6917
Z바른수정형외과의원,"경기도 화성시 남양읍 시청로 109, 401호 2072-5",031-357-7569,031-357-8273
Z바인컴퍼니,충청북도 음성군 금왕읍 성본산단1로 163,010-3736-4827,031-297-0038
Z백암가스(가스텍 인천),경기도 이천시 장호원읍 어석로120번길 51-46,,
Z버무리,경기 화성 안녕,,
Z비강이앤비,경기 화성 장안면 수촌리 1029-11,031-997-2229,031-997-2249
Z비엘티2공장,경기 평택시 청북읍 어연리 770-8,010-5551-0766,
Z비엘티3공장,평택시 청북읍 드림산단5로 54,,
Z비피엠,"경기 시흥시 공단1대로 244, 7동 226호",,
Z삼광가스테크,,02-2638-0809,
Z삼마기업,경기 화성 양감면 사격장길 88-30,031-366-6128,031-966-6130
Z삼성산소(환경시설관리공단) ,충청북도 청주시 흥덕구 강내면 상월곡길 10,043-283-0202,043-233-3785
Z삼영엔지니어링,경기도 화성시 팔탄면 지월리 577-5,031-355-7612,031-355-7613
Z삼영테크,경기 화성 서신면 해운로458번길 94-29,031-355-8068,
Z삼영ENG,경기 화성 서신면 광평리 221-25,,031-355-6771
Z삼원절연,경기도 화성시 팔탄면 고주리 122-58,031-8059-1480,031-8059-1495
Z삼중ENG,경기 시흥시 정왕동 1272-3 시화공단 3라 -216,031-431-2882,031-431-2883
Z상보특수용접,"경기 화성시 비봉면 주석로 428-9 , 에이-3동",010-9988-2784,031-357-2795
Z서동플랜트,경기도 화성시 우정읍 기아자동차로299번길 51-28,,
Z서진산업가스(당진),충청남도 당진시 송산면 무수들길 334,041-353-3400,041-352-4588
Z석전의료공업,경기도 오산시 황새로 149번길 16,031-374-4031,031-374-4469
Z선도,,,
Z선도(진천공장),충북 진천군 이월면 산수산단2로 241,043-536-1631~3,043-563-1634
Z선우하이테크,경기도 안산시 단원구 산단로163번길 86(원시동),031-365-5774,031-365-5704
Z선진테크,경기도 화성시 팔탄면 밤뒤길 92-15,,
Z성대이엔지,충청남도 당진시 송악읍 순성로 822-81,041-362-0045,041-363-0045
Z성심산업/탱크,경기 화성 정남면 가장로 157,031-352-6378,031-352-6379
Z성심이엔씨,충남 천안시 동남구 목천읍 삼성3길 24,,
Z성진테크,경기도 화성시 팔탄면 시청로 997,031-354-3167,031-354-0321
Z성천기공,경기 화성 마도면 송정리 326-148,031-357-5723,031-357-5725
Z세광산업2공장,경기 화성 마도면 마도공단로5길 10,031-319-3233,031-355-1506
Z세종솔루션(엔에스제이),"경기 수원시 권선구 산업로156번길 7, 1층 좌측 아스플로(고색동)","031-291-0718,0729",031-295-1491
Z세진가스텍(대흥정밀),경기 수원시 권선구 산업로 195-22 (고색동),031-477-2407,
Z세진가스텍(동양특장),경기 화성 향남읍 동오리 608-2,,
Z세진가스텍(동우기업),경기 화성 팔탄면 율암리 112-3,031-354-6213,
Z세진가스텍(삼양레이져),,,
Z세진가스텍(상록금속),경기도 화성시 향남읍 구문천1길 59-22,031-353-7622,031-353-7623
Z세진가스텍(성진모터스),"경기 화성 팔탄면 서해로 961 (14,15)",031-487-5161,
Z세진가스텍(신원산업),경기 화성 안녕길 137,,
Z세진가스텍(안성에스티),경기 시흥시 정왕동 1381-4 시화공단3마416,031-488-9875,
Z세진가스텍(영신산업),경기도 화성시 팔탄면 노하길 395번길 30,031-352-6023,
Z세진가스텍(유엔아이테크),경기 화성 마도면 마도공단로4길 46-20,031-355-8761,
Z세진가스텍(지온플러스),경기 화성 양감면 송산리 7-8,031-769-8221,
Z세진가스텍(청송철강),경기 화성 팔탄면 창곡리 5번지,,031-354-6213
Z세진가스텍(탑이엔지),경기 시흥시 시화공단 3바 702호,,
Z세진가스텍(태성엠에스),경기 화성 팔탄면 지월리 731-3,031-359-8755,
Z세진가스텍(한강진공열처리),경기 시흥시 정왕동 2178-6 (시화공단 2바516호),031-434-6960,031-434-6934
Z세진가스B,,,
Z세진티타늄,경기 시흥시 정왕동 1267-1 시화공단2다 502호,031-415-1111,031-415-0000
Z속초의료원,강원도 속초시 영랑호반길 3(영랑동),033-630-6098,
Z솔루머스,"경기도 오산시 서동로 93, B동(서동)",010-8363-7495,
Z수원대학교산학협력단,경기도 화성시 봉담읍 와우안길 17,,
Z수원시상수도사업소,"경기도 수원시 장안구 광교산로 119, 1층(하광교동)",031-228-4914,031-228-3763
Z순바이오가스(샛별수산),세종특별자치시 전동면 하노장5길 10,041-569-2080,041-569-2090
Z승리전력,경기 용인시 기흥구 용구대로 1855번길 77 (보라동),02-318-9037,02-318-9039
Z시민종합가스,경북 경주시 강동면 모서별봉길 81,010-4499-4359,
Z신광하이텍,경기 화성 송산면 고포리 225-11,031-366-7427,031-366-7430
Z신비오켐(부경금속열처리),충남 논산시 연무읍 양지리 643-3,,055-336-4030
Z신우플랜트산업,"경기도 시흥시 옥구천동로 26, 시화공단2바801호 내 디6호(정왕동)",,031-488-9932
Z신유성산업,경기 화성 양감면 솔안길 70-9,011-9989-4781,
Z신일본사(대영산업가스),,,
Z씨엔에스켐,경기도 화성시 서신면 전곡산단4길 26,031-337-5750,031-337-5753
Z씨케이복층유리,경기도 화성시 팔탄면 안산동길 135-58,031-8059-6308,031-8059-6309
Z아론,경기 화성 남양읍 현대기아로 466-32,031-352-8118,031-352-1881
Z아이텔,"전라북도 군산시 동장산2길 6,2101호(소룡동,연구실험동)",,
Z아이티비,경기 화성시 팔탄면 율암리 430-34,031-354-8961~2,031-354-8963
Z아주대학교,,,
Z아진산업가스,인천광역시 서구 봉수대로 300번길 42(석남동),032-578-8884,032-578-6156
Z안산산업가스(넥스플러스),,,
Z안산산업가스(레어템),,,
Z안산산업가스(명성이엔지),,031-319-7642,
Z안산산업가스.,경기 안산시 상록구 선진5길 35(사동),031-415-6201,031-415-6202
Z안산산업가스탱크,"경기 안산시 상록구 선진5길 35,C동 101호(사동)",031-415-6201,031-415-6202
Z알파스코리아,경기 화성 팔탄면 버들로 1362번길 53-55,031-8059-5853,031-8059-5854
Z에너지프라자(디엘다이아몬드),"인천광역시 남구 주염로 73번길 67, 2층 (주안동)",032-876-1503,032-876-1505
Z에너지프라자(명진엔지니어링),,,
Z에너지프라자(성일산업),,,
Z에너지프라자(엘코스틸),경기 화성 송산면 은수포북길 32번길 60,031-356-7435,
Z에너지프라자(지엠레이저),,,
Z에너지프라자(평택화력발전소),경기도 평택시 포승읍 남양만로 175-2,,
Z에스아이 ENT,서울 금천구 가산동 459-22 백상스타타워2차 805,,
Z에스앤엠,경기 화성 마도면 청원리 25-1(마도로594번길 42),031-353-7247,031-352-7204
Z에스에이치씨중공업,경기 화성 장안면 장안로 566-19,031-351-8228,031-354-8199
Z에스엔에프,경기 평택시 수월암리 637-11,070-7780-0500,031-667-8035
Z에스엘지(대광산업),경기 화성 송산면 송산서로420번길 101-77,031-355-7905,031-403-7904
Z에스엘지(인천),인천 남동구 청능대로484번길 8-41(고잔동),032-442-6868,032-442-6867
Z에스엘지(진성중공업),경기 화성 서신면 전곡리 630-3번지,031-357-8391~2,031-357-7527
Z에스엘지(화성),경기 화성 향남읍 향봉로 52-2(도이리 315번지),031-353-4083,031-353-4085
Z에스엠산업가스,충북 음성군 맹동면 쌍정리 591-3,"043-877-1552,1553",043-877-1554
Z에스엠텍,경기 화성 정남면 서봉로 995번길 34,031-354-1903,031-354-1904
Z에스케이가스.,경기 화성 팔탄면 온천로 437-9,031-353-0901,031-354-9891
Z에스케이가스텍(제이에스플랜트),경기도 김포시 월곶면 애기봉로 295,,
Z에스케이가스텍(해성기공-순천향),경기도 김포시 월곶면 애기봉로 295,"031-997-9133,4",031-997-9135
Z에스케이가스텍(해성기공-오산),경기도 김포시 월곶면 애기봉로 295,,
Z에스케이종합가스,경기도 화성시 양감면 초록로 497-2,,
Z에스코(국제종합가스),,,
Z에스코가스산업,경기도 화성시 장안면 수촌리 528-3,1666-2554,031-366-2554
Z에어리퀴드,,,
Z에어텍,경기도 화성시 세자로442번길 44(안녕동),"031-222-3100,3800",031-222-1750
Z에이원씨엔에스,경기 화성 향남읍 토성로 95-5(백토리),031-366-4221,031-352-8354
Z에이원테크(주),강원도 삼척시 근덕면 심방금계길 201-24,033-572-3104,033-575-3104
Z에이지씨,충청남도 예산군 신양면 차동로 286,010-2037-9733,
Z에코산업가스,경기 평택시 지산로 294-10(지산동),031-663-4488,031-663-4488
Z에프엠에스코리아,경기 화성 동탄산단7길 98-12(방교동),031-266-1586~7,031-266-1801
Z엔케이텍,경기 오산시 남부대로 380(원동),031-377-3311,031-372-3679
Z엔케이플랜트,경기 화성 장안면 석포공단길 10-11(석포리 785-172),031-351-8409,031-358-8406
Z엔티에스(화성),"경기도 김포시 김포한강10로133번길 107, A동 3층 365호(구래동)",010-8531-8928,
Z엘스,경기 화성 향남읍 발안공단로 301 비-301호,031-8059-8900,031-831-9756
Z엘에스와이(상용상사),경기 포천시 창수면 전영로 1238,011-263-7628,
Z엘에스와이(포천),경기 포천시 장수면 전영로 1238,032-681-0811,
Z엘오엘,경기 화성 우정읍 호곡공단로 53,031-493-7041,031-493-7042
Z엠시스텍,경기 시흥시 엠티브이26로 58번길 31,070-4279-4480,031-494-0962
Z엠시스텍(안성공장),경기 안성시 미양면 양변리 446-2,,
Z엠제이씨,경기 안산시 단원구 성곡동 660-13,031-433-6191,031-433-6966
Z엠제이테크,"경기도 화성시 팔탄면 온천로 460번길3, 1동",010-5057-7314,031-354-4502
Z연경기초소재,경기 화성 서신면 제부로654번길 46-12,031-357-5745,
Z연세대학교,서울특별시 서대문구 연세로 50 (신촌동),,
Z연화상회,경기 시흥시 정왕동 2003-12번지 16호,031-497-5169,
Z영광이엔지,경기 화성 향남읍 동오4길 52,031-366-1601~2,031-366-1603
Z영광하이텍,경기 화성 기안동219-4,031-225-4666,031-225-9650
Z영북가스,강원 속초시 노학동 1073-21,033-635-2356,033-633-1801
Z영풍정밀-식당,경기 안산시 단원구 해안로 97(목내동),031-8085-2236,
Z영풍정밀-펌프,경기 안산시 단원구 해안로 97(목내동),031-8085-2236,
Z예인철강,경기 화성 서신면 전곡산단로154-35,031-357-0548,031-357-0538
Z오케이가스,"경기 부천시 원미구 정주로 55(약대동, 4층)",032-683-8000,032-683-8002
Z온리이엔지,"대전광역시 중구 오류로 13-10. 101동 1801호(오류동, 서대전역코아루써밋)",,
Z와이엔씨,"경기 화성 현대기아로 661-2(북양동,3동)",070-4739-1011-4,070-4739-1015
Z용역운송(OB맥주-에스앤디),,,
Z용진기공,경기 화성 서신면 장외리 385-18 B동5호,031-355-1812,356-7089
Z우리들산업,"경기도 화성시 우정읍 궁평항로 66-23, 외1필지",,
Z우성정공,경기도 화성시 봉담읍 왕림북길 22-11,031-297-4142,031-297-4148
Z우주컨테이너,경기 화성 마도면 마도로 489,031-366-7788,031-366-7711
Z우진가스텍,경남 김해시 생림면 마사로 29,055-336-1261~2,055-336-1263
Z우창.,경기 화성 마도면 쌍송리 409-5,031-357-3704~5,031-357-3706
Z우창산업건설,경기 화성 송산면 송산서로420번길 101-75,031-482-9204,070-8673-0101
Z울타리,경기도 화성시 마도면 송정리 624-7,010-6381-7336,
Z원이엔지.,경기도 화성시 팔탄면 버들로 1411-30,,050-8090-4648
Z원진이엔지,경기도 화성시 팔탄면 밤뒤길 114-21,031-357-2235,031-357-2313
Z웨이브,"경기도 고양시 일산동구 일산로380번길 11, 지층 에이호(정발산동)",031-906-5176,031-941-5276
Z위드스틸,충청남도 당진시 대호지면 문헌로 834-6 A동공장 ,041-353-0457,041-353-0458
Z유공가스,경기 안산시 상록구 오목로 190(본오동),031-409-6060,031-419-1145
Z유공가스(씨에스티),경기 화성 서신면 전곡해양산업단지 138-7,031-355-0042,
Z유공가스(영풍정밀-밸브),경기 안산시 단원구 해안로 168(목내동),031-8041-2145,031-492-8472
Z유닉,"경기 수원시 영통구 광교로 107,본관동 507호(이의동, 경기도중소기업지원센터)",,
Z유동금속,경기 평택시 세교산단로 16(세교동 543-4),031-654-3101,031-654-3107
Z유에스솔루션,경기도 화성시 봉담읍 삼천병마로 894-8,010-5054-7319,
Z유진산업가스(주),충청남도 당진시 송악읍 월곡로 240,041-358-3657,041-357-3656
Z유진화학,경기 오산시 동부대로 390(원동),031-374-2058,031-374-4094
Z유피아,충남 아산시 둔포면 아산밸리북로 111-12,041-532-3840,041-532-3841
Z유피아(용인),경기 용인시 처인구 포곡읍 금어로 517 (프리즘코리아),031-321-3840,031-321-3860
Z유한가스화학,"경기도 화성시 송산면 당성로 487-18, 외 5",010-3705-1805,
Z유한산업,경기도 이천시 신둔면 황무로338번길 360,031-694-8425,031-694-8428
Z윤지양행,경기 오산시 가장동 392-4,031-202-0563,031-204-8970
Z은명건설,"서울 송파구 올림픽로 397, 303(신천동,새진주상가)",031-414-5866,031-412-5866
Z이노크린 주식회사(드라이아이스텍),경기도 수원시 장안구 서부로 2287-11(이목동),031-271-4646,031-271-4647
Z이레산업,경기 화성 마도면 마도로 620번길 22-9,011-9979-3198,
Z이신크레인,경기 화성 송산면 송산포도로 450(중송리193-4),010-2122-8995,
Z이젠테크,경기도 화성시 양감면 용소금각로 59,031-352-3072,031-353-4072
Z이화산소,인천광역시 서구 가정로58번길 32(가좌동),032-575-4747,032-575-4746
Z재성테크,경기 화성 마도면 마도공단로4길 59,031-357-5123~4,031-357-5101
Z전진CSM,충남 아산시 음봉면 월암로 365,041-539-0292,041-539-0330
Z제이비에너텍,경기도 화성시 비봉면 현대기아로 825-83,031-695-0560,031-356-7090
Z제이씨가스,경기도 안성시 원곡면 청원로 1798,031-692-4014,031-692-4016
Z제이씨광주,경기도 광주시 광남안로 129번길 23-2(목동),031-765-1974,031-765-1976
Z제이씨산업,경기 화성 팔탄면 노하길377,,031-353-9929
Z제이엔피엔지니어링,경기 화성 향남읍 향봉로 25-1,,031-243-0372
Z제이티,충북 진천군 이월면 장수로 343-1,043-536-0395~7,043-536-0399
Z제일밴딩,경기도 화성시 팔탄면 푸른들판로 760,031-354-3292,031-354-3291
Z제일플랜트,경기 화성 팔탄면 온천로165번길 16-17,031-366-6713,031-366-6714
Z제일플랜트(마도공장),경기 화성 마도면 청원산단8길 138,031-366-6713,031-366-6714
Z제일플랜트(발안공단),,031-366-6713,031-366-6714
Z제주콜드체인,제주 서귀포시 516로 88(토평동),010-9995-4242,
Z주경산업,경기 화성 향남읍 발안로 576-46,031-353-9448,031-353-9491
Z주원산기,경기 화성 비봉면 자안리 719번지,031-356-4643,031-356-4641
Z중원산업가스,충청남도 보령시 주포면 질재로 8,02-790-0911~3,02-790-0688
Z지성엔지니어링,경기 안산시 단원구 황새바위길 94(신길동),031-498-0332,031-495-3332
Z지에스네트웍스,경기도 용인시 처인구 포곡읍 포곡로 100,,
Z지에스리테일,경기 김포시 고촌읍 아라육로230번길 16,,
Z지엠철강,"충남 당진시 석문면 산단4로 258
충남 당진시 석문면 산단4로 258
충남 당진시 석문면 산단4로 258충남 당진시 석문면 산단4로 258
",,
Z지오텍,"경기도 화성시 우정읍 쌍봉로 460, 1층 1호(다람이엔지)",010-9233-7722,
Z진산에스티,경기 화성 서신면 장외리 385-21,031-357-7151,031-357-7152
Z진양에스엠,경기도 화성시 팔탄면 노하길 367,031-352-6894,031-366-5203
Z진진산업가스(주),경기 화성 송산면 송산포도로 343,031-366-7746,031-366-7749
Z진텍코리아,경기 평택시 서탄면 내천리 14-1,010-5289-9600,
Z참사랑요양,"경기 시흥시 군자로 507, 201호(거모동, 군자프라자)",,
Z창산업,경기 화성 양감면 토성로 547-9,031-353-6051,
Z창성에스티,"인천광역시 남동구 장승로 6, 201호(만수동)",,
Z창신화학,,,
Z창호이엔지,경기도 화성시 마도면 석교로 26-27,010-5661-9723,
Z청명플랜트,경기 화성 장안면 석포리 655,031-366-4010,031-366-4011
Z청우GNT,경기 시흥시 엠티브이25로 58번길 23 (정왕동),031-497-2080,031-497-2048
Z청정종합에너지,경기 화성 향남읍 향봉로 26,010-5264-1449,
Z컬리,"서울 강남구 테헤란로133, 18(역삼동, 한국타이어빌딩)",,
Z케이엔비,경기 화성 향남읍 발안공단로4길 92,031-353-7072,031-353-9054
Z케이엘테크,"경기도 안산시 단원구 첨단로 175(성곡동,5바910호)",031-433-5533,031-433-5885
Z케이제이플랜트,"경기도 의왕시 위인로 15, 104동 102호(왕곡동, 포은아파트)",010-2421-0897,
Z케이테크,경기도 오산시 독산성로232번길 16(지곶동),,
Z코리아에어텍,울산 남구 용잠로 14(부곡동),,052-278-6758
Z코리아오토,경기도 이천시 설성면 진상미로867번길 40-48,031-8011-2155,031-339-0985
Z코리아이테크,경기도 화성시 마도면 마도로 477,,031-356-8545
Z코마산업개발,경기 안산시 단원구 목내동 405-6 반월공단 7 B-15,031-495-2992,031-495-1471
Z코멧네트워크,"부산 해운대구 센텀중앙로 66, 1306(우동,센텀티타워)",010-8826-2395,
Z코오롱엘에스아이주식회사,"경기도 과천시 코오롱로 11, 6층",02-2199-1942,02-2199-1943
Z태경에코,"경기도 안산시 단원구 동산로27번길 86-6, 1층(원시동)",031-494-5423~4,031-494-5090
Z태광기업-식당,경기 화성 효행로 1319(반월동),,
Z태광산업가스(동화산업가스),,,
Z태산자원,경기 화성 송산면 화성로 651(삼존리 1204),031-357-8464,031-357-8465
Z태성산업가스,경기 군포시 군포로 59-3(대야미동),031-438-4392,031-438-4393
Z태성이엔지,경기 화성 마도면해운로 731-3,031-355-2882,031-355-6556
Z태성이엔지(포승공장),,,
Z태승이엔씨,"서울특별시 강서구 공항대로 434 (화곡동,대지빌딩4층401호)",02-711-1877,
Z태원용접기,"서울특별시 금천구 가산디지털1로 5, B205호, B206호, 1818호(가산동, 가산동대륭테크노타운20차)",02-2683-9977,070-4015-0848
Z태화인더스(구.엠제이테크),경기도 화성시 남양읍 현대기아로 520-14,,
Z테크니컬코리아,경기도 화성시 비봉면 현대기아로 771-10,031-357-3116,031-357-9263
Z토탈이엔지,"경기도 화성시 팔탄면 푸른들판로 921-3(,8)",010-3201-9839,
Z토탈콤프레샤,"경기 화성 팔탄면 시청로 757 (101,102)",354-6186,
Z티에스코,경기 화성 팔탄면 노하길 377,031-353-1756,031-352-1338
Z티에스타이어,경기 화성 팔탄면 창곡리 693-7,031-366-0864,031-366-3289
Z티피에스,경기 화성 마도면 쌍송리 677-2 마도지방산업단지 10-3BL,031-355-4862,031-355-7415
Z파오,경기도 성남시 분당 동원동 57-8 2층,031-711-5620,031-711-5624
Z평창철강,경기 안양시 만안구 성수동 386-9,031-473-6116,031-473-2283
Z평화산업가스,충청북도 음성군 생극면 오신로118번길 8,043-877-7443,043-877-9097
Z포엠,"경기도 시흥시 정왕동 1286-2 ,3나 403호",031-497-7730,031-497-7720
Z프로트,경기 화성 마도면 청원리 241-19,031-356-6071,031-356-6417
Z프론티스,경기도 수원시 영통 신동 486 디지털엠파이어2101동1205호,,
Z프리즘코리아(주),경기도 용인시 처인구 포곡읍 금어로 517,031-321-3840,031-321-3860
Z플로트론,세종특별자치시 부강면 금호선말길 73-11,044-275-6600(내선 2103),044-275-5550
Z플루오텍,경기 고양시 일산동구 장항동 863 지평프라자 802,,
Z피에스지(대성충전소),전남 보성군 벌교읍 녹색로 5695-7,,061-857-8313
Z피에스지(연기공장),"부산광역시 동구 자성로133번길 15, 12층(범일동)",041-557-1671,041-558-6144
Z피에스켐,,,055-338-8108
Z피엔에프,경기 화성 팔탄면 서해로1313번길 27(1동),031-366-3915,031-366-3916
Z한국노블가스,대전광역시 대덕구 신일서로125번길 26(신일동),042-932-3300,042-932-4797
Z한국린나이종합가스,충청남도 아산시 음봉면 신정리길 139,,031-366-6220
Z한국비엔텍,충남 예산군 고덕면 오추길 2-6,031-432-8762,
Z한국수소,경기도 부천시 오정구 석천로 398번길 39(삼정동),032-673-6223,032-671-6326
Z한국수자원공사,대전광역시 대덕구 신탄진로 200(연축동),031-790-3261,031-790-3279
Z한국프렉스에어,,,
Z한산정밀,경기 화성 팔탄면 서해로1313번길 27,031-358-9896,031-358-9897
Z한성고주파,"경기 안산시 단원구 엠티브이12로22번길 21(성곡동, 시화엠티브이4사305호)",031-499-7811,031-499-7909
Z한성포장,경상남도 통영시 도산면 법송3길 54-5,055-644-0202,055-642-0202
Z한일가스테크(A),경기 화성 향남읍 서봉로 739,,031-8059-6518
Z한일가스테크(B),경기 용인시 처인구 모현면 능원리 298-8,,
Z한일특수가스,경기 화성 양감면 서해로 152번길 187-3,031-374-6696,031-378-6228
Z한주철강,경기 화성 마도면 해운로 630번길 82-20,031-366-8506,031-366-8507
Z한진가스텍,경상북도 성주군 용암면 운용로 1325,054-931-7322,070-4015-7576
Z합동특수가스,경기도 화성시 서신면 해운로 458번길 94-28,031-526-1071,031-526-1072
Z현대마북연구소(동덕산업가스),울산광역시 북구 동해안로 1559(산하동),052-226-6040,052-226-6099
Z현석가스,경기도 화성시 팔탄면 터넉골로120번길 6,031-453-0044,031-8901-0044
Z형제산업가스(태흥철강),인천 남동구 앵고개로 645번길,,
Z호성이엔지,경기 화성 비봉면 현대기아로 826,031-356-2408,031-356-2450
Z환경시설관리 주식회사,"경기도 안양시 만안구 일직로 88(석수동,케이-타워 본관)",043-273-7832,
Z히아브,경기 화성 남양읍 신남로 394,031-357-3003,031-622-9745
,,,
,,,